2023-3-6 20:4, 1460477046525000,49,0.40222588,-0.059855044,9.809343

2023-3-6 20:4, 1460477051384038,49,0.40462008,-0.074220255,9.809343

2023-3-6 20:4, 1460477051546807,49,0.40462008,-0.074220255,9.809343

2023-3-6 20:4, 1460477051575576,49,0.39504328,-0.06703765,9.802161

2023-3-6 20:4, 1460477054271076,49,0.39983168,-0.062249243,9.802161

2023-3-6 20:4, 1460477056459423,49,0.40462008,-0.07182605,9.799767

2023-3-6 20:4, 1460477060242384,49,0.40462008,-0.06703765,9.787796

2023-3-6 20:4, 1460477060320230,49,0.39743748,-0.06943185,9.787796

2023-3-6 20:4, 1460477061882576,49,0.40940848,-0.076614454,9.783008

2023-3-6 20:4, 1460477064083307,49,0.4141969,-0.079008654,9.785401

2023-3-6 20:4, 1460477066917269,49,0.4141969,-0.06464344,9.809343

2023-3-6 20:4, 1460477071722269,49,0.4213795,-0.08379706,9.794978

2023-3-6 20:4, 1460477071900692,49,0.4213795,-0.08379706,9.794978

2023-3-6 20:4, 1460477071943615,49,0.4189853,-0.079008654,9.794978

2023-3-6 20:4, 1460477074568615,49,0.4261679,-0.08619126,9.80695

2023-3-6 20:4, 1460477077289807,49,0.4189853,-0.076614454,9.809343

2023-3-6 20:4, 1460477077729384,49,0.40222588,-0.06464344,9.804555

2023-3-6 20:4, 1460477079746384,49,0.40462008,-0.06943185,9.80695

2023-3-6 20:4, 1460477081626923,49,0.41180268,-0.08379706,9.811738

2023-3-6 20:4, 1460477083528115,49,0.39983168,-0.062249243,9.802161

2023-3-6 20:4, 1460477086346884,49,0.39264908,-0.06464344,9.799767

2023-3-6 20:4, 1460477091658769,49,0.38067806,-0.090979666,9.797373

2023-3-6 20:4, 1460477091889423,49,0.38067806,-0.08379706,9.797373

2023-3-6 20:4, 1460477091943615,49,0.38067806,-0.08379706,9.797373

2023-3-6 20:4, 1460477094441615,49,0.40701428,-0.088585466,9.821315

2023-3-6 20:4, 1460477095789576,49,0.40940848,-0.08619126,9.821315

2023-3-6 20:4, 1460477097549961,49,0.39983168,-0.08140286,9.809343

2023-3-6 20:4, 1460477100679538,49,0.40701428,-0.074220255,9.816526

2023-3-6 20:4, 1460477101737576,49,0.39025488,-0.06703765,9.792584

2023-3-6 20:4, 1460477103647000,49,0.39025488,-0.08140286,9.799767

2023-3-6 20:4, 1460477109112653,49,0.39983168,-0.06943185,9.80695

2023-3-6 20:4, 1460477112002884,49,0.39504328,-0.076614454,9.809343

2023-3-6 20:4, 1460477112482576,49,0.39504328,-0.076614454,9.809343

2023-3-6 20:4, 1460477112520038,49,0.39504328,-0.076614454,9.802161

2023-3-6 20:4, 1460477114283615,49,0.39983168,-0.079008654,9.802161

2023-3-6 20:4, 1460477115406769,49,0.40462008,-0.06703765,9.809343

2023-3-6 20:4, 1460477117616653,49,0.3878607,-0.06703765,9.814132

2023-3-6 20:4, 1460477119276961,49,0.39504328,-0.06464344,9.80695

2023-3-6 20:4, 1460477121528307,49,0.4189853,-0.06703765,9.792584

2023-3-6 20:4, 1460477123693461,49,0.41180268,-0.06943185,9.814132

2023-3-6 20:4, 1460477125775384,49,0.41180268,-0.06703765,9.811738

2023-3-6 20:4, 1460477131264576,49,0.39743748,-0.05267244,9.811738

2023-3-6 20:4, 1460477131424846,49,0.39743748,-0.055066638,9.81892

2023-3-6 20:4, 1460477131457884,49,0.39743748,-0.055066638,9.81892

2023-3-6 20:4, 1460477133631769,49,0.3878607,-0.062249243,9.81892

2023-3-6 20:4, 1460477135172538,49,0.3854665,-0.05746084,9.809343

2023-3-6 20:4, 1460477137220653,49,0.3878607,-0.055066638,9.79019

2023-3-6 20:4, 1460477139504576,49,0.39743748,-0.08140286,9.799767

2023-3-6 20:4, 1460477141785500,49,0.40940848,-0.093373865,9.799767

2023-3-6 20:4, 1460477143420500,49,0.40462008,-0.08379706,9.802161

2023-3-6 20:4, 1460477145783076,49,0.40701428,-0.07182605,9.814132

2023-3-6 20:4, 1460477151053538,49,0.4141969,-0.06943185,9.816526

2023-3-6 20:4, 1460477151235230,49,0.4141969,-0.06943185,9.816526

2023-3-6 20:4, 1460477151699038,49,0.4213795,-0.059855044,9.816526

2023-3-6 20:4, 1460477153881499,49,0.4237737,-0.062249243,9.814132

2023-3-6 20:4, 1460477155845769,49,0.4285621,-0.074220255,9.802161

2023-3-6 20:4, 1460477159104307,49,0.4333505,-0.06703765,9.797373

2023-3-6 20:4, 1460477159773307,49,0.4333505,-0.06464344,9.802161

2023-3-6 20:4, 1460477162711269,49,0.41180268,-0.07182605,9.787796

2023-3-6 20:4, 1460477163341076,49,0.40462008,-0.08379706,9.794978

2023-3-6 20:4, 1460477166998692,49,0.40222588,-0.076614454,9.79019

2023-3-6 20:4, 1460477171251269,49,0.39504328,-0.08140286,9.809343

2023-3-6 20:4, 1460477171356692,49,0.39504328,-0.08140286,9.809343

2023-3-6 20:4, 1460477171394615,49,0.39264908,-0.079008654,9.814132

2023-3-6 20:4, 1460477175189269,49,0.39504328,-0.06703765,9.802161

2023-3-6 20:4, 1460477175501846,49,0.39504328,-0.07182605,9.80695

2023-3-6 20:4, 1460477180914653,49,0.39983168,-0.06464344,9.799767

2023-3-6 20:4, 1460477180979999,49,0.4165911,-0.079008654,9.802161

2023-3-6 20:4, 1460477181310576,49,0.40701428,-0.08619126,9.797373

2023-3-6 20:4, 1460477184894499,49,0.4141969,-0.076614454,9.804555

2023-3-6 20:4, 1460477185366961,49,0.41180268,-0.076614454,9.809343

2023-3-6 20:4, 1460477197349615,49,0.40222588,-0.08140286,9.80695

2023-3-6 20:4, 1460477197698076,49,0.40222588,-0.08140286,9.80695

2023-3-6 20:4, 1460477197889192,49,0.40222588,-0.08140286,9.80695

2023-3-6 20:4, 1460477198034423,49,0.40701428,-0.08140286,9.809343

2023-3-6 20:4, 1460477198149115,49,0.4141969,-0.08619126,9.804555

2023-3-6 20:4, 1460477198247192,49,0.4165911,-0.06943185,9.80695

2023-3-6 20:4, 1460477199887230,49,0.4189853,-0.050278235,9.797373

2023-3-6 20:4, 1460477201814269,49,0.40701428,-0.06703765,9.794978

2023-3-6 20:4, 1460477203649384,49,0.40222588,-0.062249243,9.794978

2023-3-6 20:4, 1460477206497153,49,0.40701428,-0.076614454,9.799767

2023-3-6 20:4, 1460477211966730,49,0.4237737,-0.06703765,9.797373

2023-3-6 20:4, 1460477212077538,49,0.4237737,-0.06703765,9.797373

2023-3-6 20:4, 1460477212103423,49,0.4237737,-0.06464344,9.794978

2023-3-6 20:4, 1460477213752076,49,0.4213795,-0.06943185,9.79019

2023-3-6 20:4, 1460477215528807,49,0.41180268,-0.08140286,9.809343

2023-3-6 20:4, 1460477218300115,49,0.4165911,-0.08140286,9.816526

2023-3-6 20:4, 1460477219282038,49,0.4213795,-0.079008654,9.814132

2023-3-6 20:4, 1460477222328884,49,0.4189853,-0.08379706,9.802161

2023-3-6 20:4, 1460477223951499,49,0.4189853,-0.06464344,9.80695

2023-3-6 20:4, 1460477225393961,49,0.4261679,-0.06943185,9.797373

2023-3-6 20:4, 1460477231419499,49,0.40940848,-0.074220255,9.811738

2023-3-6 20:4, 1460477231474307,49,0.39504328,-0.074220255,9.799767

2023-3-6 20:4, 1460477232111769,49,0.39504328,-0.076614454,9.799767

2023-3-6 20:4, 1460477233889846,49,0.38307226,-0.08140286,9.809343

2023-3-6 20:4, 1460477236460384,49,0.39743748,-0.074220255,9.816526

2023-3-6 20:4, 1460477238057076,49,0.39504328,-0.062249243,9.81892

2023-3-6 20:4, 1460477239781423,49,0.41180268,-0.074220255,9.821315

2023-3-6 20:4, 1460477241868346,49,0.4165911,-0.074220255,9.811738

2023-3-6 20:4, 1460477244105538,49,0.40701428,-0.08379706,9.799767

2023-3-6 20:4, 1460477245702807,49,0.40462008,-0.095768064,9.804555

2023-3-6 20:4, 1460477251460153,49,0.39743748,-0.088585466,9.797373

2023-3-6 20:4, 1460477251516461,49,0.39743748,-0.088585466,9.797373

2023-3-6 20:4, 1460477251550384,49,0.40940848,-0.08140286,9.802161

2023-3-6 20:4, 1460477255932115,49,0.41180268,-0.07182605,9.799767

2023-3-6 20:4, 1460477256297807,49,0.40701428,-0.074220255,9.792584

2023-3-6 20:4, 1460477258444999,49,0.4189853,-0.07182605,9.80695

2023-3-6 20:4, 1460477259640307,49,0.4141969,-0.06703765,9.804555

2023-3-6 20:4, 1460477261767653,49,0.39983168,-0.074220255,9.794978

2023-3-6 20:4, 1460477263790269,49,0.39025488,-0.062249243,9.802161

2023-3-6 20:4, 1460477267247922,49,0.39743748,-0.06943185,9.809343

2023-3-6 20:4, 1460477271528961,49,0.41180268,-0.079008654,9.792584

2023-3-6 20:4, 1460477271616115,49,0.41180268,-0.079008654,9.792584

2023-3-6 20:4, 1460477271655692,49,0.40940848,-0.08140286,9.802161

2023-3-6 20:4, 1460477274248807,49,0.39983168,-0.076614454,9.823709

2023-3-6 20:4, 1460477275820076,49,0.39743748,-0.079008654,9.823709

2023-3-6 20:4, 1460477278051692,49,0.40222588,-0.06703765,9.821315

2023-3-6 20:4, 1460477280234769,49,0.41180268,-0.076614454,9.81892

2023-3-6 20:4, 1460477282819846,49,0.40940848,-0.06943185,9.81892

2023-3-6 20:4, 1460477289096153,49,0.4141969,-0.059855044,9.804555

2023-3-6 20:4, 1460477289234692,49,0.40462008,-0.05746084,9.797373

2023-3-6 20:4, 1460477291728499,49,0.40222588,-0.07182605,9.80695

2023-3-6 20:4, 1460477291795269,49,0.40222588,-0.07182605,9.80695

2023-3-6 20:4, 1460477291826192,49,0.40222588,-0.07182605,9.80695

2023-3-6 20:4, 1460477294216384,49,0.4189853,-0.062249243,9.80695

2023-3-6 20:4, 1460477296104653,49,0.40940848,-0.07182605,9.804555

2023-3-6 20:4, 1460477298129961,49,0.40701428,-0.06703765,9.804555

2023-3-6 20:4, 1460477299839769,49,0.4237737,-0.062249243,9.814132

2023-3-6 20:4, 1460477302365499,49,0.40462008,-0.07182605,9.809343

2023-3-6 20:4, 1460477304144192,49,0.39983168,-0.076614454,9.804555

2023-3-6 20:4, 1460477308484615,49,0.39025488,-0.08140286,9.783008

2023-3-6 20:4, 1460477311272730,49,0.39264908,-0.08140286,9.787796

2023-3-6 20:4, 1460477311872499,49,0.39264908,-0.08140286,9.787796

2023-3-6 20:4, 1460477313404999,49,0.3854665,-0.06943185,9.802161

2023-3-6 20:4, 1460477313994922,49,0.39264908,-0.06943185,9.811738

2023-3-6 20:4, 1460477316074192,49,0.39743748,-0.05746084,9.811738

2023-3-6 20:4, 1460477320143615,49,0.40940848,-0.055066638,9.809343

2023-3-6 20:4, 1460477320370192,49,0.40222588,-0.059855044,9.80695

2023-3-6 20:4, 1460477322671346,49,0.41180268,-0.08140286,9.80695

2023-3-6 20:4, 1460477324349961,49,0.40701428,-0.074220255,9.816526

2023-3-6 20:4, 1460477327034422,49,0.41180268,-0.076614454,9.811738

2023-3-6 20:4, 1460477332849230,49,0.4165911,-0.079008654,9.802161

2023-3-6 20:4, 1460477333021422,49,0.40462008,-0.08619126,9.809343

2023-3-6 20:4, 1460477333050499,49,0.40462008,-0.08619126,9.809343

2023-3-6 20:4, 1460477334970269,49,0.40701428,-0.08140286,9.811738

2023-3-6 20:4, 1460477336687499,49,0.40222588,-0.06943185,9.809343

2023-3-6 20:4, 1460477339470038,49,0.40940848,-0.076614454,9.80695

2023-3-6 20:4, 1460477341181846,49,0.39983168,-0.06703765,9.792584

2023-3-6 20:4, 1460477342676346,49,0.40222588,-0.07182605,9.792584

2023-3-6 20:4, 1460477345068999,49,0.41180268,-0.06943185,9.80695

2023-3-6 20:4, 1460477347837730,49,0.4357447,-0.08379706,9.799767

2023-3-6 20:4, 1460477352396615,49,0.40701428,-0.074220255,9.804555

2023-3-6 20:4, 1460477352514230,49,0.40701428,-0.074220255,9.804555

2023-3-6 20:4, 1460477352532999,49,0.39983168,-0.08140286,9.811738

2023-3-6 20:4, 1460477354920999,49,0.39743748,-0.08619126,9.814132

2023-3-6 20:4, 1460477356597807,49,0.39025488,-0.08140286,9.79019

2023-3-6 20:4, 1460477360140576,49,0.40701428,-0.08379706,9.783008

2023-3-6 20:4, 1460477360280846,49,0.40940848,-0.088585466,9.778219

2023-3-6 20:4, 1460477362469692,49,0.40462008,-0.06703765,9.794978

2023-3-6 20:4, 1460477363931384,49,0.39025488,-0.06703765,9.799767

2023-3-6 20:4, 1460477366582192,49,0.40940848,-0.062249243,9.792584

2023-3-6 20:4, 1460477371572422,49,0.38307226,-0.06703765,9.80695

2023-3-6 20:4, 1460477371819115,49,0.38307226,-0.06703765,9.80695

2023-3-6 20:4, 1460477372852999,49,0.39025488,-0.06943185,9.802161

2023-3-6 20:4, 1460477374870730,49,0.40222588,-0.074220255,9.802161

2023-3-6 20:4, 1460477382113999,49,0.39264908,-0.06943185,9.799767

2023-3-6 20:4, 1460477382220961,49,0.3878607,-0.059855044,9.785401

2023-3-6 20:4, 1460477382271576,49,0.39264908,-0.06703765,9.771036

2023-3-6 20:4, 1460477382302961,49,0.38307226,-0.06703765,9.778219

2023-3-6 20:4, 1460477383882999,49,0.3878607,-0.08379706,9.792584

2023-3-6 20:4, 1460477385858692,49,0.39743748,-0.090979666,9.794978

2023-3-6 20:4, 1460477396178345,49,0.40462008,-0.08379706,9.804555

2023-3-6 20:4, 1460477396286269,49,0.40462008,-0.08379706,9.804555

2023-3-6 20:4, 1460477396312692,49,0.40462008,-0.08379706,9.804555

2023-3-6 20:4, 1460477396336307,49,0.40222588,-0.08379706,9.794978

2023-3-6 20:4, 1460477396911038,49,0.40462008,-0.08140286,9.79019

2023-3-6 20:4, 1460477397876461,49,0.39983168,-0.074220255,9.79019

2023-3-6 20:4, 1460477399422345,49,0.40462008,-0.079008654,9.799767

2023-3-6 20:4, 1460477406046576,49,0.41180268,-0.074220255,9.785401

2023-3-6 20:4, 1460477406290076,49,0.4189853,-0.074220255,9.787796

2023-3-6 20:4, 1460477406334153,49,0.4189853,-0.079008654,9.797373

2023-3-6 20:4, 1460477410855807,49,0.4141969,-0.08379706,9.814132

2023-3-6 20:4, 1460477410912384,49,0.4141969,-0.08379706,9.814132

2023-3-6 20:4, 1460477411234461,49,0.40701428,-0.090979666,9.816526

2023-3-6 20:4, 1460477413582922,49,0.39743748,-0.09816227,9.80695

2023-3-6 20:4, 1460477415464422,49,0.41180268,-0.090979666,9.797373

2023-3-6 20:4, 1460477417610807,49,0.40701428,-0.08140286,9.794978

2023-3-6 20:4, 1460477419367461,49,0.40940848,-0.079008654,9.799767

2023-3-6 20:4, 1460477421859615,49,0.39504328,-0.076614454,9.814132

2023-3-6 20:4, 1460477428122345,49,0.39504328,-0.074220255,9.80695

2023-3-6 20:4, 1460477428293192,49,0.39743748,-0.06703765,9.802161

2023-3-6 20:4, 1460477433253192,49,0.4141969,-0.07182605,9.811738

2023-3-6 20:4, 1460477433334269,49,0.40940848,-0.062249243,9.814132

2023-3-6 20:4, 1460477433355230,49,0.40940848,-0.062249243,9.814132

2023-3-6 20:4, 1460477435390269,49,0.40222588,-0.047884032,9.81892

2023-3-6 20:4, 1460477435453269,49,0.40940848,-0.074220255,9.816526

2023-3-6 20:4, 1460477448905653,49,0.40222588,-0.07182605,9.81892

2023-3-6 20:4, 1460477448980615,49,0.40222588,-0.08140286,9.804555

2023-3-6 20:4, 1460477449001153,49,0.40222588,-0.07182605,9.804555

2023-3-6 20:4, 1460477449029076,49,0.40940848,-0.076614454,9.799767

2023-3-6 20:4, 1460477449049153,49,0.40701428,-0.076614454,9.797373

2023-3-6 20:4, 1460477450629230,49,0.40701428,-0.08379706,9.802161

2023-3-6 20:4, 1460477450657692,49,0.40701428,-0.08379706,9.802161

2023-3-6 20:4, 1460477451225461,49,0.39983168,-0.074220255,9.799767

2023-3-6 20:4, 1460477453587384,49,0.39743748,-0.079008654,9.804555

2023-3-6 20:4, 1460477455592461,49,0.39264908,-0.095768064,9.797373

2023-3-6 20:4, 1460477457488807,49,0.39743748,-0.079008654,9.809343

2023-3-6 20:4, 1460477459473769,49,0.39983168,-0.079008654,9.81892

2023-3-6 20:4, 1460477461416884,49,0.40462008,-0.07182605,9.816526

2023-3-6 20:4, 1460477464946461,49,0.4189853,-0.079008654,9.792584

2023-3-6 20:4, 1460477465375461,49,0.4213795,-0.076614454,9.79019

2023-3-6 20:4, 1460477470692192,49,0.39743748,-0.079008654,9.797373

2023-3-6 20:4, 1460477470732692,49,0.39743748,-0.079008654,9.797373

2023-3-6 20:4, 1460477471100961,49,0.39983168,-0.08140286,9.794978

2023-3-6 20:4, 1460477474311884,49,0.4141969,-0.08140286,9.804555

2023-3-6 20:4, 1460477475971422,49,0.40940848,-0.08140286,9.80695

2023-3-6 20:4, 1460477477937461,49,0.40222588,-0.06943185,9.80695

2023-3-6 20:4, 1460477479344268,49,0.40701428,-0.06703765,9.811738

2023-3-6 20:4, 1460477481309922,49,0.40462008,-0.06464344,9.80695

2023-3-6 20:4, 1460477483756230,49,0.41180268,-0.06703765,9.804555

2023-3-6 20:4, 1460477485273461,49,0.40462008,-0.08140286,9.79019

2023-3-6 20:4, 1460477491218153,49,0.40222588,-0.062249243,9.802161

2023-3-6 20:4, 1460477491577615,49,0.40222588,-0.062249243,9.802161

2023-3-6 20:4, 1460477491623999,49,0.40222588,-0.062249243,9.802161

2023-3-6 20:4, 1460477493349307,49,0.39743748,-0.05746084,9.80695

2023-3-6 20:4, 1460477495495268,49,0.4333505,-0.06943185,9.809343

2023-3-6 20:4, 1460477497659692,49,0.4237737,-0.074220255,9.804555

2023-3-6 20:4, 1460477499674961,49,0.40701428,-0.06703765,9.799767

2023-3-6 20:4, 1460477501402845,49,0.39504328,-0.059855044,9.787796

2023-3-6 20:4, 1460477503343038,49,0.39983168,-0.06464344,9.79019

2023-3-6 20:4, 1460477505403922,49,0.40940848,-0.076614454,9.794978

2023-3-6 20:4, 1460477510815922,49,0.39743748,-0.076614454,9.787796

2023-3-6 20:4, 1460477510862268,49,0.39743748,-0.076614454,9.787796

2023-3-6 20:4, 1460477511416884,49,0.39504328,-0.079008654,9.802161

2023-3-6 20:4, 1460477513346153,49,0.3878607,-0.076614454,9.799767

2023-3-6 20:4, 1460477515178768,49,0.39504328,-0.079008654,9.802161

2023-3-6 20:4, 1460477517183845,49,0.39504328,-0.08140286,9.794978

2023-3-6 20:4, 1460477519434076,49,0.40222588,-0.08379706,9.797373

2023-3-6 20:4, 1460477521218153,49,0.40701428,-0.074220255,9.811738

2023-3-6 20:4, 1460477525459845,49,0.40222588,-0.076614454,9.804555

2023-3-6 20:4, 1460477525493192,49,0.40222588,-0.08140286,9.80695

2023-3-6 20:4, 1460477530635153,49,0.39983168,-0.079008654,9.80695

2023-3-6 20:4, 1460477530684538,49,0.39504328,-0.074220255,9.814132

2023-3-6 20:4, 1460477531358115,49,0.39504328,-0.074220255,9.814132

2023-3-6 20:4, 1460477533176115,49,0.3854665,-0.08619126,9.80695

2023-3-6 20:4, 1460477535187192,49,0.40222588,-0.08379706,9.811738

2023-3-6 20:4, 1460477537393615,49,0.39743748,-0.06943185,9.811738

2023-3-6 20:4, 1460477541715115,49,0.40222588,-0.06943185,9.802161

2023-3-6 20:4, 1460477542796961,49,0.3854665,-0.062249243,9.804555

2023-3-6 20:4, 1460477543938538,49,0.40462008,-0.059855044,9.797373

2023-3-6 20:4, 1460477545422153,49,0.41180268,-0.07182605,9.794978

2023-3-6 20:4, 1460477551927422,49,0.40940848,-0.07182605,9.783008

2023-3-6 20:4, 1460477552067230,49,0.40940848,-0.07182605,9.783008

2023-3-6 20:4, 1460477552100230,49,0.40940848,-0.062249243,9.785401

2023-3-6 20:4, 1460477553956845,49,0.41180268,-0.06703765,9.787796

2023-3-6 20:4, 1460477556624538,49,0.39983168,-0.06703765,9.79019

2023-3-6 20:4, 1460477558083768,49,0.40701428,-0.088585466,9.794978

2023-3-6 20:4, 1460477559622807,49,0.4165911,-0.08619126,9.79019

2023-3-6 20:4, 1460477561301230,49,0.4237737,-0.088585466,9.809343

2023-3-6 20:4, 1460477563652768,49,0.40701428,-0.08379706,9.799767

2023-3-6 20:4, 1460477565748115,49,0.39743748,-0.079008654,9.802161

2023-3-6 20:4, 1460477571336192,49,0.39983168,-0.08140286,9.799767

2023-3-6 20:4, 1460477572175692,49,0.40222588,-0.08140286,9.797373

2023-3-6 20:4, 1460477572256730,49,0.40222588,-0.08140286,9.797373

2023-3-6 20:4, 1460477573878115,49,0.39743748,-0.08140286,9.799767

2023-3-6 20:4, 1460477576000422,49,0.40701428,-0.074220255,9.804555

2023-3-6 20:4, 1460477577625961,49,0.4141969,-0.06943185,9.799767

2023-3-6 20:4, 1460477579433345,49,0.4213795,-0.079008654,9.809343

2023-3-6 20:4, 1460477581245076,49,0.4141969,-0.076614454,9.81892

2023-3-6 20:4, 1460477583085730,49,0.40701428,-0.07182605,9.802161

2023-3-6 20:4, 1460477585162884,49,0.41180268,-0.07182605,9.81892

2023-3-6 20:4, 1460477592201615,49,0.39983168,-0.07182605,9.80695

2023-3-6 20:4, 1460477592279153,49,0.39983168,-0.07182605,9.80695

2023-3-6 20:4, 1460477592309461,49,0.39504328,-0.07182605,9.809343

2023-3-6 20:4, 1460477594178461,49,0.39743748,-0.074220255,9.811738

2023-3-6 20:4, 1460477595675345,49,0.4237737,-0.07182605,9.797373

2023-3-6 20:4, 1460477597421999,49,0.4213795,-0.06943185,9.797373

2023-3-6 20:4, 1460477599295307,49,0.4285621,-0.076614454,9.794978

2023-3-6 20:4, 1460477601439038,49,0.4237737,-0.074220255,9.814132

2023-3-6 20:4, 1460477603571115,49,0.4165911,-0.08140286,9.811738

2023-3-6 20:4, 1460477609093922,49,0.4141969,-0.06943185,9.799767

2023-3-6 20:4, 1460477611105191,49,0.4141969,-0.074220255,9.799767

2023-3-6 20:4, 1460477611182653,49,0.4141969,-0.074220255,9.799767

2023-3-6 20:4, 1460477611582345,49,0.40701428,-0.06703765,9.804555

2023-3-6 20:4, 1460477613938076,49,0.41180268,-0.06464344,9.809343

2023-3-6 20:4, 1460477615332538,49,0.4165911,-0.06464344,9.814132

2023-3-6 20:4, 1460477617682268,49,0.39983168,-0.06464344,9.80695

2023-3-6 20:4, 1460477619171768,49,0.40462008,-0.06464344,9.80695

2023-3-6 20:4, 1460477621174115,49,0.4141969,-0.05746084,9.809343

2023-3-6 20:4, 1460477624162730,49,0.39743748,-0.059855044,9.809343

2023-3-6 20:4, 1460477626069807,49,0.39743748,-0.06943185,9.809343

2023-3-6 20:4, 1460477631384807,49,0.40940848,-0.06703765,9.811738

2023-3-6 20:4, 1460477631521653,49,0.4141969,-0.074220255,9.81892

2023-3-6 20:4, 1460477631574384,49,0.4141969,-0.074220255,9.81892

2023-3-6 20:4, 1460477633589768,49,0.39743748,-0.079008654,9.81892

2023-3-6 20:4, 1460477635712884,49,0.40462008,-0.08140286,9.81892

2023-3-6 20:4, 1460477637215538,49,0.4141969,-0.076614454,9.81892

2023-3-6 20:4, 1460477639349422,49,0.4141969,-0.074220255,9.814132

2023-3-6 20:4, 1460477641818307,49,0.39743748,-0.074220255,9.811738

2023-3-6 20:4, 1460477643386653,49,0.39025488,-0.079008654,9.811738

2023-3-6 20:4, 1460477645415384,49,0.40222588,-0.06703765,9.804555

2023-3-6 20:4, 1460477650900076,49,0.39504328,-0.076614454,9.797373

2023-3-6 20:4, 1460477650997538,49,0.39504328,-0.076614454,9.797373

2023-3-6 20:4, 1460477653278268,49,0.3878607,-0.076614454,9.794978

2023-3-6 20:4, 1460477653335191,49,0.39504328,-0.07182605,9.794978

2023-3-6 20:4, 1460477657133115,49,0.39743748,-0.05746084,9.802161

2023-3-6 20:4, 1460477657559191,49,0.39264908,-0.06703765,9.799767

2023-3-6 20:4, 1460477659423576,49,0.40222588,-0.06703765,9.804555

2023-3-6 20:4, 1460477661661922,49,0.4141969,-0.079008654,9.816526

2023-3-6 20:4, 1460477664113076,49,0.4165911,-0.076614454,9.797373

2023-3-6 20:4, 1460477665654691,49,0.4189853,-0.076614454,9.804555

2023-3-6 20:4, 1460477671325038,49,0.39983168,-0.076614454,9.814132

2023-3-6 20:4, 1460477671842961,49,0.39504328,-0.076614454,9.814132

2023-3-6 20:4, 1460477672157730,49,0.39504328,-0.08140286,9.80695

2023-3-6 20:4, 1460477674034422,49,0.40462008,-0.074220255,9.797373

2023-3-6 20:4, 1460477675835076,49,0.39504328,-0.08140286,9.809343

2023-3-6 20:4, 1460477678274499,49,0.4141969,-0.088585466,9.804555

2023-3-6 20:4, 1460477679646768,49,0.40462008,-0.06943185,9.792584

2023-3-6 20:4, 1460477681325999,49,0.41180268,-0.06464344,9.785401

2023-3-6 20:4, 1460477683413230,49,0.4189853,-0.06943185,9.792584

2023-3-6 20:4, 1460477685964230,49,0.40701428,-0.07182605,9.811738

2023-3-6 20:4, 1460477692352922,49,0.40701428,-0.08379706,9.80695

2023-3-6 20:4, 1460477692493307,49,0.40701428,-0.08379706,9.80695

2023-3-6 20:4, 1460477692538845,49,0.40701428,-0.08619126,9.809343

2023-3-6 20:4, 1460477694709307,49,0.40462008,-0.08379706,9.80695

2023-3-6 20:4, 1460477695845768,49,0.4237737,-0.06943185,9.802161

2023-3-6 20:4, 1460477697773922,49,0.4237737,-0.05746084,9.802161

2023-3-6 20:4, 1460477699967730,49,0.40940848,-0.05746084,9.797373

2023-3-6 20:4, 1460477703154499,49,0.40222588,-0.08379706,9.809343

2023-3-6 20:4, 1460477704415076,49,0.40462008,-0.08140286,9.80695

2023-3-6 20:4, 1460477706587999,49,0.39025488,-0.06464344,9.809343

2023-3-6 20:4, 1460477711073691,49,0.40462008,-0.079008654,9.799767

2023-3-6 20:4, 1460477711324845,49,0.40462008,-0.079008654,9.799767

2023-3-6 20:4, 1460477711352576,49,0.41180268,-0.08379706,9.802161

2023-3-6 20:4, 1460477713713268,49,0.4189853,-0.088585466,9.797373

2023-3-6 20:4, 1460477715331653,49,0.40701428,-0.088585466,9.799767

2023-3-6 20:4, 1460477717386999,49,0.37349546,-0.088585466,9.816526

2023-3-6 20:4, 1460477721480345,49,0.38067806,-0.08140286,9.802161

2023-3-6 20:4, 1460477721518730,49,0.37588966,-0.088585466,9.862016

2023-3-6 20:4, 1460477724612730,49,0.38307226,-0.06464344,9.749489

2023-3-6 20:4, 1460477728672384,49,0.39264908,-0.079008654,9.890746

2023-3-6 20:4, 1460477731001114,49,0.39264908,-0.093373865,9.830892

2023-3-6 20:4, 1460477731147807,49,0.39264908,-0.093373865,9.830892

2023-3-6 20:4, 1460477731562922,49,0.39264908,-0.093373865,9.830892

2023-3-6 20:4, 1460477733577730,49,0.41180268,-0.023942016,9.759066

2023-3-6 20:4, 1460477735387230,49,0.40462008,-0.107739076,9.86441

2023-3-6 20:4, 1460477737869384,49,0.40701428,-0.06464344,9.775825

2023-3-6 20:4, 1460477739959345,49,0.40222588,-0.08379706,9.804555

2023-3-6 20:4, 1460477741914614,49,0.39264908,-0.06703765,9.814132

2023-3-6 20:4, 1460477743780076,49,0.40701428,-0.009576807,9.759066

2023-3-6 20:4, 1460477746082038,49,0.39983168,-0.12928689,9.850045

2023-3-6 20:4, 1460477750997730,49,0.4165911,-0.11252748,9.828497

2023-3-6 20:4, 1460477751108961,49,0.4165911,-0.11252748,9.828497

2023-3-6 20:4, 1460477752843153,49,0.40701428,-0.10534488,9.86441

2023-3-6 20:4, 1460477753181191,49,0.4237737,-0.038307227,9.802161

2023-3-6 20:4, 1460477757331884,49,0.39983168,-0.11252748,9.799767

2023-3-6 20:4, 1460477757423922,49,0.41180268,-0.06703765,9.842862

2023-3-6 20:4, 1460477759837153,49,0.40462008,-0.04309563,9.756671

2023-3-6 20:4, 1460477761436845,49,0.39504328,-0.12689269,9.845257

2023-3-6 20:4, 1460477763273691,49,0.39264908,-0.033518825,9.787796

2023-3-6 20:4, 1460477765218768,49,0.40222588,-0.059855044,9.761459

2023-3-6 20:4, 1460477770858884,49,0.4141969,-0.035913024,9.785401

2023-3-6 20:4, 1460477771379961,49,0.40701428,-0.10055647,9.792584

2023-3-6 20:4, 1460477771431730,49,0.40701428,-0.10055647,9.792584

2023-3-6 20:4, 1460477773957499,49,0.4189853,-0.045489833,9.852439

2023-3-6 20:4, 1460477775854076,49,0.4165911,-0.016759412,9.792584

2023-3-6 20:4, 1460477777504768,49,0.41180268,-0.12449849,9.802161

2023-3-6 20:4, 1460477779688345,49,0.4165911,-0.02633622,9.794978

2023-3-6 20:4, 1460477781374307,49,0.41180268,-0.08140286,9.771036

2023-3-6 20:4, 1460477783263807,49,0.39983168,-0.095768064,9.840468

2023-3-6 20:4, 1460477785184153,49,0.4189853,-0.059855044,9.775825

2023-3-6 20:4, 1460477792486538,49,0.4189853,-0.031124622,9.773431

2023-3-6 20:4, 1460477792654961,49,0.4189853,-0.031124622,9.773431

2023-3-6 20:4, 1460477792688807,49,0.39983168,-0.11492168,9.751883

2023-3-6 20:4, 1460477793668114,49,0.3878607,-0.110133275,9.830892

2023-3-6 20:4, 1460477795593537,49,0.40940848,-0.019153614,9.794978

2023-3-6 20:4, 1460477797426807,49,0.40222588,-0.10055647,9.792584

2023-3-6 20:4, 1460477799455037,49,0.40940848,-0.035913024,9.83568

2023-3-6 20:4, 1460477801330537,49,0.38307226,-0.090979666,9.775825

2023-3-6 20:4, 1460477803676614,49,0.38307226,-0.11731588,9.802161

2023-3-6 20:4, 1460477805751922,49,0.41180268,-0.023942016,9.747094

2023-3-6 20:4, 1460477811358537,49,0.4141969,-0.019153614,9.778219

2023-3-6 20:4, 1460477811483730,49,0.4141969,-0.019153614,9.778219

2023-3-6 20:4, 1460477811531191,49,0.40701428,-0.06703765,9.804555

2023-3-6 20:4, 1460477814536922,49,0.39504328,-0.06464344,9.83568

2023-3-6 20:4, 1460477816687884,49,0.4189853,-0.01436521,9.809343

2023-3-6 20:4, 1460477817701845,49,0.40222588,-0.110133275,9.828497

2023-3-6 20:4, 1460477819661922,49,0.39983168,-0.021547815,9.737517

2023-3-6 20:4, 1460477821649268,49,0.41180268,-0.050278235,9.845257

2023-3-6 20:4, 1460477825092845,49,0.40222588,-0.076614454,9.775825

2023-3-6 20:4, 1460477826343384,49,0.40462008,-0.04309563,9.845257

2023-3-6 20:4, 1460477831496922,49,0.41180268,-0.10295067,9.821315

2023-3-6 20:4, 1460477831651922,49,0.41180268,-0.10295067,9.821315

2023-3-6 20:4, 1460477831694922,49,0.41180268,-0.10295067,9.821315

2023-3-6 20:4, 1460477833866230,49,0.3878607,-0.088585466,9.773431

2023-3-6 20:4, 1460477835475268,49,0.40701428,-0.10295067,9.771036

2023-3-6 20:4, 1460477838715461,49,0.40462008,-0.08379706,9.730335

2023-3-6 20:4, 1460477840214999,49,0.4261679,-0.093373865,9.845257

2023-3-6 20:4, 1460477841559153,49,0.40940848,-0.05746084,9.783008

2023-3-6 20:4, 1460477843670037,49,0.4405331,-0.07182605,9.840468

2023-3-6 20:4, 1460477846072461,49,0.40222588,-0.08619126,9.720758

2023-3-6 20:4, 1460477853876691,49,0.39264908,-0.08140286,9.840468

2023-3-6 20:4, 1460477854034461,49,0.39264908,-0.08140286,9.840468

2023-3-6 20:4, 1460477854141614,49,0.40222588,-0.076614454,9.854834

2023-3-6 20:4, 1460477855888845,49,0.39504328,-0.088585466,9.771036

2023-3-6 20:4, 1460477856128884,49,0.39983168,-0.059855044,9.854834

2023-3-6 20:4, 1460477859763499,49,0.38307226,-0.076614454,9.747094

2023-3-6 20:4, 1460477861129345,49,0.39025488,-0.062249243,9.809343

2023-3-6 20:4, 1460477861265499,49,0.38307226,-0.06943185,9.783008

2023-3-6 20:4, 1460477864611307,49,0.4141969,-0.10055647,9.866804

2023-3-6 20:4, 1460477865240807,49,0.39983168,-0.08619126,9.816526

2023-3-6 20:4, 1460477870940768,49,0.40940848,-0.093373865,9.838074

2023-3-6 20:4, 1460477871055422,49,0.4237737,-0.08379706,9.885958

2023-3-6 20:4, 1460477874026807,49,0.4237737,-0.08379706,9.885958

2023-3-6 20:4, 1460477874237268,49,0.37110126,-0.04309563,9.756671

2023-3-6 20:4, 1460477875716037,49,0.40222588,-0.06943185,9.811738

2023-3-6 20:4, 1460477877649537,49,0.4357447,-0.16759412,9.969755

2023-3-6 20:4, 1460477879455268,49,0.4429273,-0.12210429,9.933842

2023-3-6 20:4, 1460477882889576,49,0.40222588,-0.08379706,9.833285

2023-3-6 20:4, 1460477883811653,49,0.4213795,-0.090979666,9.809343

2023-3-6 20:4, 1460477885132422,49,0.40462008,-0.023942016,9.732729

2023-3-6 20:4, 1460477891580114,49,0.36870706,0.062249243,9.586683

2023-3-6 20:4, 1460477891678691,49,0.36870706,0.062249243,9.586683

2023-3-6 20:4, 1460477891708922,49,0.35913026,0.05746084,9.577106

2023-3-6 20:4, 1460477893752614,49,0.36391866,0.02873042,9.584289

2023-3-6 20:4, 1460477895486884,49,0.37110126,-0.016759412,9.675268

2023-3-6 20:4, 1460477897531307,49,0.47405192,-0.1364695,9.960178

2023-3-6 20:4, 1460477899294076,49,0.45968673,-0.1364695,9.962572

2023-3-6 20:4, 1460477901934884,49,0.40940848,-0.088585466,9.797373

2023-3-6 20:4, 1460477903775845,49,0.39983168,-0.09816227,9.81892

2023-3-6 20:4, 1460477906201230,49,0.4165911,-0.1340753,9.945813

2023-3-6 20:4, 1460477911842153,49,0.39025488,-0.01436521,9.706393

2023-3-6 20:4, 1460477911908730,49,0.39025488,-0.01436521,9.706393

2023-3-6 20:4, 1460477911949653,49,0.36870706,0.011971008,9.620202

2023-3-6 20:4, 1460477913676384,49,0.38307226,-0.009576807,9.67048

2023-3-6 20:4, 1460477915543460,49,0.3878607,-0.033518825,9.725547

2023-3-6 20:4, 1460477917486768,49,0.39025488,-0.06464344,9.751883

2023-3-6 20:4, 1460477919205922,49,0.4285621,-0.107739076,9.900323

2023-3-6 20:4, 1460477921535999,49,0.40940848,-0.08619126,9.852439

2023-3-6 20:4, 1460477923808037,49,0.37588966,-0.059855044,9.797373

2023-3-6 20:4, 1460477926132076,49,0.41180268,-0.062249243,9.783008

2023-3-6 20:4, 1460477931534037,49,0.40462008,-0.07182605,9.761459

2023-3-6 20:4, 1460477931723922,49,0.40462008,-0.07182605,9.761459

2023-3-6 20:4, 1460477931948884,49,0.40462008,-0.07182605,9.761459

2023-3-6 20:4, 1460477934064960,49,0.4141969,-0.074220255,9.814132

2023-3-6 20:4, 1460477936324807,49,0.4141969,-0.07182605,9.771036

2023-3-6 20:4, 1460477938140884,49,0.41180268,-0.074220255,9.79019

2023-3-6 20:4, 1460477940190922,49,0.3878607,-0.07182605,9.785401

2023-3-6 20:4, 1460477943346230,49,0.40462008,-0.059855044,9.826103

2023-3-6 20:4, 1460477944289460,49,0.39264908,-0.062249243,9.80695

2023-3-6 20:4, 1460477945940576,49,0.4165911,-0.08379706,9.814132

2023-3-6 20:4, 1460477951833384,49,0.39983168,-0.079008654,9.804555

2023-3-6 20:4, 1460477951902037,49,0.39983168,-0.079008654,9.804555

2023-3-6 20:4, 1460477951929730,49,0.39025488,-0.074220255,9.792584

2023-3-6 20:4, 1460477955905807,49,0.39025488,-0.06943185,9.797373

2023-3-6 20:4, 1460477956499153,49,0.39983168,-0.06464344,9.80695

2023-3-6 20:4, 1460477957953960,49,0.39743748,-0.062249243,9.80695

2023-3-6 20:4, 1460477961435384,49,0.3878607,-0.062249243,9.816526

2023-3-6 20:4, 1460477961586076,49,0.4189853,-0.076614454,9.804555

2023-3-6 20:4, 1460477963570191,49,0.4165911,-0.07182605,9.814132

2023-3-6 20:4, 1460477965549884,49,0.4141969,-0.08140286,9.809343

2023-3-6 20:4, 1460477972120614,49,0.4141969,-0.076614454,9.79019

2023-3-6 20:4, 1460477972212845,49,0.40701428,-0.076614454,9.797373

2023-3-6 20:4, 1460477972251807,49,0.40701428,-0.076614454,9.797373

2023-3-6 20:4, 1460477973895884,49,0.40940848,-0.06703765,9.792584

2023-3-6 20:4, 1460477975326191,49,0.4141969,-0.06943185,9.787796

2023-3-6 20:4, 1460477978385384,49,0.4165911,-0.06703765,9.802161

2023-3-6 20:4, 1460477979827076,49,0.4141969,-0.06703765,9.792584

2023-3-6 20:4, 1460477982002960,49,0.39983168,-0.055066638,9.771036

2023-3-6 20:4, 1460477983304691,49,0.40222588,-0.06943185,9.876381

2023-3-6 20:4, 1460477985822230,49,0.41180268,-0.050278235,9.727941

2023-3-6 20:4, 1460477991620922,49,0.40222588,-0.055066638,9.759066

2023-3-6 20:4, 1460477991821114,49,0.40222588,-0.055066638,9.759066

2023-3-6 20:4, 1460477991875768,49,0.41180268,-0.076614454,9.866804

2023-3-6 20:4, 1460477994447884,49,0.40222588,-0.08379706,9.845257

2023-3-6 20:4, 1460477995297384,49,0.40701428,-0.05746084,9.766248

2023-3-6 20:4, 1460477997301653,49,0.39504328,-0.093373865,9.842862

2023-3-6 20:4, 1460477999238307,49,0.39264908,-0.047884032,9.759066

2023-3-6 20:4, 1460478001341153,49,0.39983168,-0.09816227,9.873987

2023-3-6 20:4, 1460478003401153,49,0.39983168,-0.090979666,9.842862

2023-3-6 20:4, 1460478006817384,49,0.39264908,-0.06464344,9.768642

2023-3-6 20:4, 1460478011770153,49,0.40701428,-0.062249243,9.773431

2023-3-6 20:4, 1460478012786037,49,0.40701428,-0.062249243,9.773431

2023-3-6 20:4, 1460478012924460,49,0.40462008,-0.12449849,9.876381

2023-3-6 20:4, 1460478013640576,49,0.40701428,-0.02633622,9.730335

2023-3-6 20:4, 1460478015853076,49,0.4213795,-0.059855044,9.749489

2023-3-6 20:4, 1460478017736191,49,0.39025488,-0.093373865,9.826103

2023-3-6 20:4, 1460478019795460,49,0.41180268,-0.05746084,9.756671

2023-3-6 20:4, 1460478021615653,49,0.40222588,-0.12210429,9.81892

2023-3-6 20:4, 1460478023512037,49,0.4189853,-0.02633622,9.761459

2023-3-6 20:4, 1460478026591807,49,0.40940848,-0.11971009,9.811738

2023-3-6 20:4, 1460478031856499,49,0.40222588,-0.09816227,9.802161

2023-3-6 20:4, 1460478031997383,49,0.40222588,-0.09816227,9.802161

2023-3-6 20:4, 1460478032099230,49,0.40222588,-0.09816227,9.802161

2023-3-6 20:4, 1460478033839807,49,0.40701428,-0.019153614,9.778219

2023-3-6 20:4, 1460478035597960,50,0.40701428,-0.10295067,9.79019

2023-3-6 20:4, 1460478037935422,50,0.39025488,-0.093373865,9.842862

2023-3-6 20:4, 1460478039863076,50,0.4141969,-0.062249243,9.749489

2023-3-6 20:4, 1460478042536653,50,0.38307226,-0.09816227,9.876381

2023-3-6 20:4, 1460478044105845,50,0.40940848,-0.038307227,9.842862

2023-3-6 20:4, 1460478045733845,50,0.40701428,-0.090979666,9.775825

2023-3-6 20:4, 1460478051422230,50,0.39025488,-0.062249243,9.792584

2023-3-6 20:4, 1460478051638460,50,0.39025488,-0.062249243,9.792584

2023-3-6 20:4, 1460478051677807,50,0.3854665,-0.08619126,9.842862

2023-3-6 20:4, 1460478054261845,50,0.40222588,-0.08140286,9.737517

2023-3-6 20:4, 1460478056148922,50,0.39025488,-0.031124622,9.703999

2023-3-6 20:4, 1460478058199960,50,0.40462008,-0.095768064,9.883564

2023-3-6 20:4, 1460478061552576,50,0.4237737,-0.045489833,9.814132

2023-3-6 20:4, 1460478061728307,50,0.39743748,-0.08619126,9.794978

2023-3-6 20:4, 1460478064346383,50,0.40462008,-0.0023942017,9.723152

2023-3-6 20:4, 1460478066305691,50,0.3854665,0.050278235,9.62499

2023-3-6 20:4, 1460478071044845,50,0.4237737,-0.050278235,9.81892

2023-3-6 20:4, 1460478071174230,50,0.46447513,-0.12928689,9.900323

2023-3-6 20:4, 1460478071216691,50,0.46447513,-0.12928689,9.900323

2023-3-6 20:4, 1460478073699076,50,0.45010993,-0.1436521,10.012851

2023-3-6 20:4, 1460478076251576,50,0.4213795,-0.06943185,9.883564

2023-3-6 20:4, 1460478077479153,50,0.4189853,-0.076614454,9.785401

2023-3-6 20:4, 1460478079864499,50,0.4429273,-0.08619126,9.9194765

2023-3-6 20:4, 1460478082039383,50,0.4309563,-0.088585466,9.881169

2023-3-6 20:4, 1460478083554883,50,0.4285621,-0.076614454,9.756671

2023-3-6 20:4, 1460478085737807,50,0.4165911,-0.08619126,9.885958

2023-3-6 20:4, 1460478091292268,50,0.4285621,-0.11492168,9.962572

2023-3-6 20:4, 1460478091467307,50,0.4285621,-0.11492168,9.962572

2023-3-6 20:4, 1460478091535153,50,0.4381389,-0.11252748,9.936236

2023-3-6 20:4, 1460478094420883,50,0.4405331,-0.110133275,9.883564

2023-3-6 20:4, 1460478095789999,50,0.40940848,-0.090979666,9.857227

2023-3-6 20:4, 1460478097294037,50,0.39025488,-0.05267244,9.756671

2023-3-6 20:4, 1460478099472191,50,0.38307226,-0.045489833,9.692028

2023-3-6 20:4, 1460478101258268,50,0.39743748,-0.08619126,9.792584

2023-3-6 20:4, 1460478103340883,50,0.41180268,-0.08619126,9.80695

2023-3-6 20:4, 1460478107956307,50,0.4189853,-0.09816227,9.816526

2023-3-6 20:4, 1460478112758191,50,0.39504328,-0.074220255,9.771036

2023-3-6 20:4, 1460478113227460,50,0.39264908,-0.05746084,9.754277

2023-3-6 20:4, 1460478113394653,50,0.39264908,-0.05746084,9.754277

2023-3-6 20:4, 1460478114804307,50,0.3854665,-0.050278235,9.773431

2023-3-6 20:4, 1460478115523383,50,0.39264908,-0.062249243,9.773431

2023-3-6 20:4, 1460478118366114,50,0.4141969,-0.079008654,9.783008

2023-3-6 20:4, 1460478119545114,50,0.40222588,-0.08140286,9.787796

2023-3-6 20:4, 1460478121901037,50,0.40462008,-0.076614454,9.799767

2023-3-6 20:4, 1460478125627960,50,0.40701428,-0.076614454,9.811738

2023-3-6 20:4, 1460478127010114,50,0.40701428,-0.05746084,9.775825

2023-3-6 20:4, 1460478130990230,50,0.40462008,-0.059855044,9.81892

2023-3-6 20:4, 1460478131090806,50,0.40462008,-0.059855044,9.81892

2023-3-6 20:4, 1460478131587460,50,0.4141969,-0.059855044,9.81892

2023-3-6 20:4, 1460478134175076,50,0.4141969,-0.06464344,9.811738

2023-3-6 20:4, 1460478136211268,50,0.4213795,-0.079008654,9.799767

2023-3-6 20:4, 1460478144416537,50,0.4213795,-0.038307227,9.763854

2023-3-6 20:4, 1460478144624383,50,0.3878607,-0.08379706,9.81892

2023-3-6 20:4, 1460478144685422,50,0.40462008,-0.047884032,9.80695

2023-3-6 20:4, 1460478145008922,50,0.4165911,-0.062249243,9.735124

2023-3-6 20:4, 1460478146124345,50,0.40701428,-0.08140286,9.847651

2023-3-6 20:4, 1460478151032306,50,0.41180268,-0.095768064,9.81892

2023-3-6 20:4, 1460478151105653,50,0.41180268,-0.095768064,9.81892

2023-3-6 20:4, 1460478152475076,50,0.39743748,-0.04309563,9.830892

2023-3-6 20:4, 1460478153629306,50,0.4141969,-0.076614454,9.754277

2023-3-6 20:4, 1460478155561768,50,0.39983168,-0.10534488,9.787796

2023-3-6 20:4, 1460478157874614,50,0.39264908,-0.01436521,9.814132

2023-3-6 20:4, 1460478160834345,50,0.39504328,-0.062249243,9.730335

2023-3-6 20:4, 1460478161553499,50,0.40222588,-0.090979666,9.873987

2023-3-6 20:4, 1460478163224999,50,0.40462008,-0.047884032,9.71597

2023-3-6 20:4, 1460478165219576,50,0.40462008,-0.10055647,9.766248

2023-3-6 20:4, 1460478170929153,50,0.39025488,-0.10295067,9.830892

2023-3-6 20:4, 1460478171016845,50,0.39025488,-0.10295067,9.830892

2023-3-6 20:4, 1460478171114999,50,0.39025488,-0.10295067,9.830892

2023-3-6 20:4, 1460478173432883,50,0.4189853,-0.011971008,9.766248

2023-3-6 20:4, 1460478176368576,50,0.4165911,-0.12689269,9.821315

2023-3-6 20:4, 1460478177951576,50,0.4165911,-0.08619126,9.852439

2023-3-6 20:4, 1460478179398306,50,0.4141969,-0.059855044,9.775825

2023-3-6 20:4, 1460478181216960,50,0.39504328,-0.12210429,9.862016

2023-3-6 20:4, 1460478183199806,50,0.40940848,-0.031124622,9.816526

2023-3-6 20:4, 1460478185189614,50,0.4165911,-0.12928689,9.804555

2023-3-6 20:4, 1460478190847768,50,0.39983168,-0.12210429,9.794978

2023-3-6 20:4, 1460478190920499,50,0.39983168,-0.12210429,9.794978

2023-3-6 20:4, 1460478192092691,50,0.3854665,-0.12689269,9.840468

2023-3-6 20:4, 1460478193455960,50,0.39025488,-0.047884032,9.804555

2023-3-6 20:4, 1460478195254691,50,0.40940848,-0.11971009,9.826103

2023-3-6 20:4, 1460478198039499,50,0.4213795,-0.035913024,9.778219

2023-3-6 20:4, 1460478199765845,50,0.4285621,-0.023942016,9.768642

2023-3-6 20:4, 1460478201790883,50,0.39264908,-0.12928689,9.840468

2023-3-6 20:4, 1460478203903460,50,0.39504328,-0.021547815,9.766248

2023-3-6 20:4, 1460478205514999,50,0.40222588,-0.10055647,9.857227

2023-3-6 20:4, 1460478217365999,50,0.4165911,-0.11492168,9.876381

2023-3-6 20:4, 1460478217556422,50,0.4165911,-0.11492168,9.876381

2023-3-6 20:4, 1460478217758460,50,0.39264908,-0.11252748,9.859622

2023-3-6 20:4, 1460478217837191,50,0.4189853,-0.038307227,9.768642

2023-3-6 20:4, 1460478217910114,50,0.4237737,-0.12210429,9.862016

2023-3-6 20:4, 1460478217976153,50,0.40701428,-0.035913024,9.759066

2023-3-6 20:4, 1460478221186422,50,0.4189853,-0.11492168,9.816526

2023-3-6 20:4, 1460478223465076,50,0.39264908,-0.08379706,9.751883

2023-3-6 20:4, 1460478226325153,50,0.40222588,-0.059855044,9.833285

2023-3-6 20:4, 1460478226439537,50,0.38067806,-0.055066638,9.7447

2023-3-6 20:4, 1460478232186268,50,0.39264908,-0.047884032,9.771036

2023-3-6 20:4, 1460478232337922,50,0.39264908,-0.047884032,9.771036

2023-3-6 20:4, 1460478232372076,50,0.40940848,-0.04309563,9.869199

2023-3-6 20:4, 1460478235963537,50,0.4285621,-0.093373865,9.842862

2023-3-6 20:4, 1460478236116883,50,0.3878607,-0.031124622,9.773431

2023-3-6 20:4, 1460478237841306,50,0.40940848,-0.059855044,9.888352

2023-3-6 20:4, 1460478239933883,50,0.40222588,-0.05746084,9.725547

2023-3-6 20:4, 1460478242195537,50,0.4237737,-0.088585466,9.885958

2023-3-6 20:4, 1460478245087999,50,0.40222588,-0.110133275,9.747094

2023-3-6 20:4, 1460478246423691,50,0.3878607,-0.050278235,9.897929

2023-3-6 20:4, 1460478252917653,50,0.41180268,-0.047884032,9.8955345

2023-3-6 20:4, 1460478253017845,50,0.41180268,-0.047884032,9.8955345

2023-3-6 20:4, 1460478253443768,50,0.40701428,-0.090979666,9.761459

2023-3-6 20:4, 1460478253507268,50,0.40940848,-0.031124622,9.869199

2023-3-6 20:4, 1460478255857537,50,0.40701428,-0.07182605,9.866804

2023-3-6 20:4, 1460478259323460,50,0.39025488,-0.050278235,9.730335

2023-3-6 20:4, 1460478259435922,50,0.3854665,-0.04070143,9.826103

2023-3-6 20:4, 1460478263912191,50,0.39504328,-0.08619126,9.684845

2023-3-6 20:4, 1460478264083768,50,0.40940848,-0.062249243,9.830892

2023-3-6 20:4, 1460478265058499,50,0.4189853,-0.090979666,9.802161

2023-3-6 20:4, 1460478272384229,50,0.40222588,-0.05267244,9.783008

2023-3-6 20:4, 1460478272503614,50,0.40222588,-0.05267244,9.783008

2023-3-6 20:4, 1460478272546922,50,0.40222588,-0.05267244,9.783008

2023-3-6 20:4, 1460478274702999,50,0.4189853,-0.08379706,9.783008

2023-3-6 20:4, 1460478276147922,50,0.39025488,0.007182605,9.682451

2023-3-6 20:4, 1460478280914653,50,0.41180268,-0.019153614,9.742306

2023-3-6 20:4, 1460478281027076,50,0.3878607,-0.035913024,9.684845

2023-3-6 20:4, 1460478283176614,50,0.3854665,-0.033518825,9.783008

2023-3-6 20:4, 1460478283335153,50,0.3854665,-0.06703765,9.761459

2023-3-6 20:4, 1460478285569076,50,0.4381389,-0.12689269,9.950602

2023-3-6 20:4, 1460478294845537,50,0.3878607,-0.009576807,9.761459

2023-3-6 20:4, 1460478294972383,50,0.3878607,-0.009576807,9.761459

2023-3-6 20:4, 1460478295006691,50,0.3854665,-0.04309563,9.751883

2023-3-6 20:4, 1460478295033883,50,0.37828386,-0.06464344,9.735124

2023-3-6 20:4, 1460478295532422,50,0.35194764,0.007182605,9.665691

2023-3-6 20:4, 1460478300047576,50,0.35194764,0.007182605,9.601048

2023-3-6 20:4, 1460478300127422,50,0.37588966,0.009576807,9.711182

2023-3-6 20:4, 1460478302001037,50,0.40462008,-0.035913024,9.732729

2023-3-6 20:4, 1460478303954806,50,0.40222588,-0.07182605,9.869199

2023-3-6 20:4, 1460478305103845,50,0.39025488,-0.019153614,9.778219

2023-3-6 20:4, 1460478312739153,50,0.39504328,-0.021547815,9.732729

2023-3-6 20:4, 1460478312919614,50,0.39983168,-0.04309563,9.737517

2023-3-6 20:4, 1460478312985114,50,0.39983168,-0.04309563,9.737517

2023-3-6 20:4, 1460478315548576,50,0.4309563,-0.059855044,9.833285

2023-3-6 20:4, 1460478316563153,50,0.44532153,-0.107739076,9.862016

2023-3-6 20:4, 1460478318608999,50,0.44532153,-0.08140286,9.862016

2023-3-6 20:4, 1460478319216883,50,0.40940848,-0.06703765,9.768642

2023-3-6 20:4, 1460478321219076,50,0.4165911,-0.055066638,9.766248

2023-3-6 20:4, 1460478323771768,50,0.4189853,-0.062249243,9.816526

2023-3-6 20:4, 1460478326568306,50,0.4309563,-0.059855044,9.799767

2023-3-6 20:4, 1460478331343768,50,0.40940848,-0.050278235,9.826103

2023-3-6 20:4, 1460478331524306,50,0.40940848,-0.050278235,9.826103

2023-3-6 20:4, 1460478331613883,50,0.41180268,-0.05746084,9.859622

2023-3-6 20:4, 1460478333934883,50,0.40462008,-0.074220255,9.775825

2023-3-6 20:4, 1460478335974883,50,0.3854665,-0.07182605,9.9099

2023-3-6 20:4, 1460478337448729,50,0.40462008,-0.059855044,9.826103

2023-3-6 20:4, 1460478340057191,50,0.4213795,-0.076614454,9.828497

2023-3-6 20:4, 1460478342326883,50,0.38307226,-0.093373865,9.830892

2023-3-6 20:4, 1460478345106076,50,0.40462008,-0.059855044,9.747094

2023-3-6 20:4, 1460478346713191,50,0.39983168,-0.08140286,9.821315

2023-3-6 20:4, 1460478351157652,50,0.39025488,-0.12449849,9.830892

2023-3-6 20:4, 1460478351336076,50,0.39025488,-0.12449849,9.830892

2023-3-6 20:4, 1460478351401537,50,0.40701428,-0.093373865,9.828497

2023-3-6 20:4, 1460478353357729,50,0.4309563,-0.059855044,9.732729

2023-3-6 20:4, 1460478357238652,50,0.39983168,-0.11971009,9.780613

2023-3-6 20:4, 1460478359156537,50,0.4309563,-0.06943185,9.80695

2023-3-6 20:4, 1460478361581345,50,0.4333505,-0.076614454,9.701605

2023-3-6 20:4, 1460478361796922,50,0.37588966,-0.12928689,9.852439

2023-3-6 20:4, 1460478363394191,50,0.41180268,-0.059855044,9.773431

2023-3-6 20:4, 1460478366063883,50,0.39025488,-0.088585466,9.828497

2023-3-6 20:4, 1460478371169537,50,0.37349546,-0.05746084,9.842862

2023-3-6 20:4, 1460478371349691,50,0.37349546,-0.090979666,9.842862

2023-3-6 20:4, 1460478371422652,50,0.37349546,-0.090979666,9.842862

2023-3-6 20:4, 1460478374155922,50,0.35194764,-0.093373865,9.792584

2023-3-6 20:4, 1460478375759037,50,0.4213795,-0.04309563,9.739912

2023-3-6 20:4, 1460478379081537,50,0.36391866,-0.095768064,9.823709

2023-3-6 20:4, 1460478380979037,50,0.38307226,-0.08619126,9.761459

2023-3-6 20:4, 1460478382026652,50,0.4261679,-0.038307227,9.747094

2023-3-6 20:4, 1460478383172537,50,0.36152446,-0.088585466,9.754277

2023-3-6 20:4, 1460478385256268,50,0.4141969,-0.06703765,9.735124

2023-3-6 20:4, 1460478392420152,50,0.39264908,-0.076614454,9.86441

2023-3-6 20:4, 1460478392520999,50,0.39264908,-0.076614454,9.86441

2023-3-6 20:4, 1460478392573691,50,0.4309563,-0.050278235,9.783008

2023-3-6 20:4, 1460478394115883,50,0.37349546,-0.08619126,9.766248

2023-3-6 20:4, 1460478395934691,50,0.41180268,-0.05267244,9.751883

2023-3-6 20:4, 1460478397625922,50,0.41180268,-0.074220255,9.869199

2023-3-6 20:4, 1460478399280306,50,0.40940848,-0.059855044,9.754277

2023-3-6 20:4, 1460478401420229,50,0.4309563,-0.06464344,9.845257

2023-3-6 20:4, 1460478404728422,50,0.40222588,-0.076614454,9.809343

2023-3-6 20:4, 1460478405648383,50,0.4261679,-0.062249243,9.850045

2023-3-6 20:4, 1460478411664922,50,0.39743748,-0.088585466,9.711182

2023-3-6 20:4, 1460478411856191,50,0.39983168,-0.088585466,9.80695

2023-3-6 20:4, 1460478411971460,50,0.39983168,-0.088585466,9.80695

2023-3-6 20:4, 1460478414550499,50,0.40462008,-0.10055647,9.816526

2023-3-6 20:4, 1460478415391499,50,0.40701428,-0.08379706,9.828497

2023-3-6 20:4, 1460478417264499,50,0.41180268,-0.076614454,9.763854

2023-3-6 20:4, 1460478420582691,50,0.4141969,-0.074220255,9.830892

2023-3-6 20:4, 1460478421425883,50,0.40462008,-0.07182605,9.79019

2023-3-6 20:4, 1460478424299114,50,0.4333505,-0.062249243,9.794978

2023-3-6 20:4, 1460478428581037,50,0.4189853,-0.047884032,9.79019

2023-3-6 20:4, 1460478430847268,50,0.39504328,-0.08379706,9.842862

2023-3-6 20:4, 1460478430937460,50,0.39504328,-0.08379706,9.842862

2023-3-6 20:4, 1460478431093191,50,0.39025488,-0.08619126,9.792584

2023-3-6 20:4, 1460478433107960,50,0.4189853,-0.090979666,9.833285

2023-3-6 20:4, 1460478435186229,50,0.39264908,-0.074220255,9.802161

2023-3-6 20:4, 1460478437533922,50,0.39983168,-0.090979666,9.804555

2023-3-6 20:4, 1460478439927614,50,0.4213795,-0.079008654,9.821315

2023-3-6 20:4, 1460478442690768,50,0.40940848,-0.06464344,9.778219

2023-3-6 20:4, 1460478443971729,50,0.4165911,-0.062249243,9.814132

2023-3-6 20:4, 1460478451150614,50,0.40701428,-0.06703765,9.79019

2023-3-6 20:4, 1460478451257768,50,0.41180268,-0.05746084,9.80695

2023-3-6 20:4, 1460478451305652,50,0.41180268,-0.05746084,9.80695

2023-3-6 20:4, 1460478451331460,50,0.40940848,-0.047884032,9.783008

2023-3-6 20:4, 1460478453608537,50,0.4237737,-0.05746084,9.826103

2023-3-6 20:4, 1460478455304345,50,0.40462008,-0.055066638,9.783008

2023-3-6 20:4, 1460478458790460,50,0.40462008,-0.06703765,9.81892

2023-3-6 20:4, 1460478460346575,50,0.40462008,-0.06464344,9.799767

2023-3-6 20:4, 1460478461373383,50,0.40222588,-0.06464344,9.79019

2023-3-6 20:4, 1460478464617614,50,0.4165911,-0.076614454,9.821315

2023-3-6 20:4, 1460478465257229,50,0.4165911,-0.06943185,9.821315

2023-3-6 20:4, 1460478472534614,50,0.39983168,-0.06464344,9.794978

2023-3-6 20:4, 1460478472757383,50,0.39983168,-0.06464344,9.794978

2023-3-6 20:4, 1460478472840114,50,0.39983168,-0.06464344,9.794978

2023-3-6 20:4, 1460478475991383,50,0.41180268,-0.06464344,9.768642

2023-3-6 20:4, 1460478476421306,50,0.40940848,-0.06943185,9.79019

2023-3-6 20:4, 1460478481113768,50,0.4189853,-0.062249243,9.785401

2023-3-6 20:4, 1460478481313499,50,0.4213795,-0.062249243,9.797373

2023-3-6 20:4, 1460478481402114,50,0.4165911,-0.06943185,9.802161

2023-3-6 20:4, 1460478484349768,50,0.40701428,-0.07182605,9.802161

2023-3-6 20:4, 1460478486812691,50,0.39743748,-0.062249243,9.797373

2023-3-6 20:4, 1460478494599460,50,0.41180268,-0.074220255,9.797373

2023-3-6 20:4, 1460478494802845,50,0.41180268,-0.074220255,9.797373

2023-3-6 20:4, 1460478495495922,50,0.4165911,-0.07182605,9.81892

2023-3-6 20:4, 1460478495593114,50,0.4165911,-0.06703765,9.826103

2023-3-6 20:4, 1460478495656960,50,0.40940848,-0.06464344,9.811738

2023-3-6 20:4, 1460478497820191,50,0.39983168,-0.06703765,9.811738

2023-3-6 20:4, 1460478499503499,50,0.40940848,-0.06703765,9.811738

2023-3-6 20:4, 1460478501820652,50,0.4189853,-0.06464344,9.816526

2023-3-6 20:4, 1460478504609575,50,0.41180268,-0.07182605,9.809343

2023-3-6 20:4, 1460478508980229,50,0.40701428,-0.06943185,9.799767

2023-3-6 20:4, 1460478513642383,50,0.40940848,-0.076614454,9.816526

2023-3-6 20:4, 1460478513738306,50,0.4165911,-0.06464344,9.794978

2023-3-6 20:4, 1460478513757422,50,0.4165911,-0.06464344,9.794978

2023-3-6 20:4, 1460478514111922,50,0.4189853,-0.07182605,9.797373

2023-3-6 20:4, 1460478515121229,50,0.39743748,-0.06703765,9.761459

2023-3-6 20:4, 1460478517479652,50,0.4165911,-0.08140286,9.845257

2023-3-6 20:4, 1460478519197306,50,0.41180268,-0.074220255,9.732729

2023-3-6 20:4, 1460478522480191,50,0.4213795,-0.08619126,9.83568

2023-3-6 20:4, 1460478523996422,50,0.39743748,-0.059855044,9.763854

2023-3-6 20:4, 1460478525771960,50,0.4141969,-0.06464344,9.847651

2023-3-6 20:4, 1460478531118729,50,0.4213795,-0.088585466,9.780613

2023-3-6 20:4, 1460478531212499,50,0.4213795,-0.088585466,9.780613

2023-3-6 20:4, 1460478531232922,50,0.41180268,-0.095768064,9.821315

2023-3-6 20:4, 1460478534143652,50,0.4141969,-0.079008654,9.854834

2023-3-6 20:4, 1460478534969652,50,0.4141969,-0.095768064,9.785401

2023-3-6 20:4, 1460478537238037,50,0.39743748,-0.055066638,9.797373

2023-3-6 20:4, 1460478539026691,50,0.40222588,-0.06943185,9.732729

2023-3-6 20:4, 1460478541511845,50,0.40462008,-0.079008654,9.859622

2023-3-6 20:4, 1460478546290652,50,0.4141969,-0.06943185,9.730335

2023-3-6 20:4, 1460478547702768,50,0.4285621,-0.08140286,9.833285

2023-3-6 20:4, 1460478552054652,50,0.4189853,-0.076614454,9.852439

2023-3-6 20:4, 1460478552188037,50,0.4189853,-0.076614454,9.852439

2023-3-6 20:4, 1460478552212922,50,0.39983168,-0.06943185,9.787796

2023-3-6 20:4, 1460478553591114,50,0.40701428,-0.06703765,9.766248

2023-3-6 20:4, 1460478555037960,50,0.38307226,-0.06943185,9.775825

2023-3-6 20:4, 1460478560461152,50,0.4165911,-0.079008654,9.828497

2023-3-6 20:4, 1460478560590575,50,0.40222588,-0.076614454,9.809343

2023-3-6 20:4, 1460478561218114,50,0.4405331,-0.06464344,9.845257

2023-3-6 20:4, 1460478563220806,50,0.4189853,-0.074220255,9.763854

2023-3-6 20:4, 1460478566931614,50,0.3878607,-0.059855044,9.854834

2023-3-6 20:4, 1460478570744191,50,0.40940848,-0.076614454,9.775825

2023-3-6 20:4, 1460478570820498,50,0.40940848,-0.076614454,9.775825

2023-3-6 20:4, 1460478571491114,50,0.40940848,-0.076614454,9.775825

2023-3-6 20:4, 1460478576768422,50,0.4285621,-0.055066638,9.816526

2023-3-6 20:4, 1460478576960383,50,0.4237737,-0.07182605,9.792584

2023-3-6 20:4, 1460478579035922,50,0.4165911,-0.07182605,9.816526

2023-3-6 20:4, 1460478581695960,50,0.39264908,-0.07182605,9.749489

2023-3-6 20:4, 1460478581900075,50,0.4165911,-0.04309563,9.80695

2023-3-6 20:4, 1460478583930114,50,0.3878607,-0.074220255,9.842862

2023-3-6 20:4, 1460478585438614,50,0.41180268,-0.08379706,9.847651

2023-3-6 20:4, 1460478591136075,50,0.40940848,-0.074220255,9.809343

2023-3-6 20:4, 1460478591278614,50,0.40940848,-0.074220255,9.809343

2023-3-6 20:4, 1460478591610422,50,0.39025488,-0.09816227,9.833285

2023-3-6 20:4, 1460478593600268,50,0.4237737,-0.08140286,9.809343

2023-3-6 20:4, 1460478595816191,50,0.40701428,-0.074220255,9.816526

2023-3-6 20:4, 1460478598488960,50,0.39264908,-0.090979666,9.739912

2023-3-6 20:4, 1460478599455652,50,0.39504328,-0.074220255,9.804555

2023-3-6 20:4, 1460478601298191,50,0.41180268,-0.08619126,9.754277

2023-3-6 20:4, 1460478603169229,50,0.3878607,-0.06464344,9.869199

2023-3-6 20:4, 1460478605662652,50,0.37110126,-0.076614454,9.830892

2023-3-6 20:4, 1460478613443229,50,0.38307226,-0.08619126,9.775825

2023-3-6 20:4, 1460478613575768,50,0.38067806,-0.088585466,9.833285

2023-3-6 20:4, 1460478613606883,50,0.38067806,-0.088585466,9.833285

2023-3-6 20:4, 1460478613633960,50,0.39504328,-0.05267244,9.811738

2023-3-6 20:4, 1460478616191229,50,0.4213795,-0.07182605,9.792584

2023-3-6 20:4, 1460478617167268,50,0.40940848,-0.08379706,9.878776

2023-3-6 20:4, 1460478619003806,50,0.39504328,-0.09816227,9.816526

2023-3-6 20:4, 1460478621609383,50,0.4213795,-0.06464344,9.854834

2023-3-6 20:4, 1460478624547498,50,0.39983168,-0.074220255,9.735124

2023-3-6 20:4, 1460478626718114,50,0.39264908,-0.088585466,9.866804

2023-3-6 20:4, 1460478631360883,50,0.39743748,-0.079008654,9.761459

2023-3-6 20:4, 1460478631462498,50,0.39743748,-0.079008654,9.761459

2023-3-6 20:4, 1460478631490114,50,0.39504328,-0.08619126,9.713575

2023-3-6 20:4, 1460478633257729,50,0.4141969,-0.06943185,9.759066

2023-3-6 20:4, 1460478635481460,50,0.40222588,-0.074220255,9.828497

2023-3-6 20:4, 1460478639392998,50,0.41180268,-0.050278235,9.852439

2023-3-6 20:4, 1460478639488229,50,0.4165911,-0.074220255,9.778219

2023-3-6 20:4, 1460478641424614,50,0.4165911,-0.062249243,9.756671

2023-3-6 20:4, 1460478664607729,50,0.4165911,-0.079008654,9.876381

2023-3-6 20:4, 1460478664700460,50,0.39504328,-0.06943185,9.816526

2023-3-6 20:4, 1460478664752768,50,0.4285621,-0.055066638,9.763854

2023-3-6 20:4, 1460478664779921,50,0.4165911,-0.059855044,9.893141

2023-3-6 20:4, 1460478664800075,50,0.4165911,-0.059855044,9.893141

2023-3-6 20:4, 1460478664819345,50,0.4189853,-0.076614454,9.783008

2023-3-6 20:4, 1460478664841652,50,0.40940848,-0.050278235,9.799767

2023-3-6 20:4, 1460478664863537,50,0.39983168,-0.076614454,9.794978

2023-3-6 20:4, 1460478664877575,50,0.41180268,-0.06943185,9.883564

2023-3-6 20:4, 1460478664890691,50,0.4141969,-0.090979666,9.842862

2023-3-6 20:4, 1460478664910768,50,0.4165911,-0.08379706,9.785401

2023-3-6 20:4, 1460478672606191,50,0.39504328,-0.06703765,9.816526

2023-3-6 20:4, 1460478672724614,50,0.40462008,-0.076614454,9.747094

2023-3-6 20:4, 1460478680631268,50,0.40462008,-0.076614454,9.747094

2023-3-6 20:4, 1460478680741960,50,0.38067806,-0.076614454,9.83568

2023-3-6 20:4, 1460478680788883,50,0.39983168,-0.059855044,9.847651

2023-3-6 20:4, 1460478680810383,50,0.3878607,-0.088585466,9.754277

2023-3-6 20:4, 1460478680831998,50,0.40462008,-0.062249243,9.809343

2023-3-6 20:4, 1460478680851229,50,0.40940848,-0.074220255,9.802161

2023-3-6 20:4, 1460478681635614,50,0.4141969,-0.050278235,9.840468

2023-3-6 20:4, 1460478685435152,50,0.4165911,-0.08379706,9.783008

2023-3-6 20:4, 1460478685639729,50,0.4165911,-0.06464344,9.768642

2023-3-6 20:4, 1460478692755652,50,0.39743748,-0.08140286,9.838074

2023-3-6 20:4, 1460478692862268,50,0.39743748,-0.08140286,9.838074

2023-3-6 20:4, 1460478692888691,50,0.4189853,-0.079008654,9.833285

2023-3-6 20:4, 1460478696760768,50,0.39504328,-0.110133275,9.780613

2023-3-6 20:4, 1460478696872691,50,0.39264908,-0.07182605,9.8715925

2023-3-6 20:4, 1460478697797998,50,0.39025488,-0.074220255,9.737517

2023-3-6 20:4, 1460478699789037,50,0.36152446,-0.055066638,9.823709

2023-3-6 20:4, 1460478701606152,50,0.40222588,-0.093373865,9.763854

2023-3-6 20:4, 1460478703444114,50,0.4261679,-0.05267244,9.823709

2023-3-6 20:4, 1460478705296806,50,0.40462008,-0.09816227,9.907506

2023-3-6 20:4, 1460478711492960,50,0.38307226,-0.08140286,9.816526

2023-3-6 20:4, 1460478711620691,50,0.38307226,-0.093373865,9.759066

2023-3-6 20:4, 1460478711653652,50,0.38307226,-0.093373865,9.759066

2023-3-6 20:4, 1460478713939421,50,0.40462008,-0.038307227,9.902718

2023-3-6 20:4, 1460478715228075,50,0.4189853,-0.08140286,9.689633

2023-3-6 20:4, 1460478717554537,50,0.40940848,-0.07182605,9.823709

2023-3-6 20:4, 1460478719227691,50,0.3878607,-0.088585466,9.756671

2023-3-6 20:4, 1460478721224421,50,0.40462008,-0.06464344,9.747094

2023-3-6 20:4, 1460478724089383,50,0.39743748,-0.093373865,9.866804

2023-3-6 20:4, 1460478725760537,50,0.39025488,-0.062249243,9.802161

2023-3-6 20:4, 1460478731155614,50,0.40701428,-0.045489833,9.811738

2023-3-6 20:4, 1460478731259960,50,0.40701428,-0.045489833,9.811738

2023-3-6 20:4, 1460478731697498,50,0.40222588,-0.06464344,9.885958

2023-3-6 20:4, 1460478733357075,50,0.40462008,-0.06464344,9.79019

2023-3-6 20:4, 1460478735866691,50,0.39025488,-0.045489833,9.842862

2023-3-6 20:4, 1460478737740152,50,0.40462008,-0.079008654,9.7447

2023-3-6 20:4, 1460478739743768,50,0.4141969,-0.05746084,9.823709

2023-3-6 20:4, 1460478741532306,50,0.4165911,-0.088585466,9.816526

2023-3-6 20:4, 1460478744742537,50,0.40222588,-0.059855044,9.854834

2023-3-6 20:4, 1460478746455152,50,0.4141969,-0.06464344,9.787796

2023-3-6 20:4, 1460478752969729,50,0.4285621,-0.06464344,9.823709

2023-3-6 20:4, 1460478753112460,50,0.4237737,-0.055066638,9.792584

2023-3-6 20:4, 1460478753148960,50,0.4237737,-0.055066638,9.792584

2023-3-6 20:4, 1460478754964114,50,0.40940848,-0.074220255,9.785401

2023-3-6 20:4, 1460478755657614,50,0.39983168,-0.08140286,9.771036

2023-3-6 20:4, 1460478758176614,50,0.40701428,-0.059855044,9.847651

2023-3-6 20:4, 1460478759698614,50,0.39743748,-0.05746084,9.778219

2023-3-6 20:4, 1460478761716537,50,0.39264908,-0.062249243,9.804555

2023-3-6 20:4, 1460478763972960,50,0.41180268,-0.08619126,9.766248

2023-3-6 20:4, 1460478767300575,50,0.4213795,-0.079008654,9.823709

2023-3-6 20:4, 1460478770681806,50,0.4141969,-0.05267244,9.780613

2023-3-6 20:4, 1460478770753152,50,0.4141969,-0.05267244,9.780613

2023-3-6 20:4, 1460478771446344,50,0.40222588,-0.05267244,9.787796

2023-3-6 20:4, 1460478773214306,50,0.39264908,-0.06464344,9.80695

2023-3-6 20:4, 1460478775942421,50,0.41180268,-0.062249243,9.830892

2023-3-6 20:4, 1460478778940152,50,0.41180268,-0.06943185,9.816526

2023-3-6 20:4, 1460478779132691,50,0.39743748,-0.059855044,9.761459

2023-3-6 20:4, 1460478782134652,50,0.39504328,-0.062249243,9.797373

2023-3-6 20:4, 1460478783828844,50,0.40222588,-0.06464344,9.799767

2023-3-6 20:4, 1460478786068883,50,0.41180268,-0.079008654,9.809343

2023-3-6 20:4, 1460478792420344,50,0.39264908,-0.023942016,9.785401

2023-3-6 20:4, 1460478792540575,50,0.39264908,-0.023942016,9.785401

2023-3-6 20:4, 1460478792605383,50,0.39983168,-0.021547815,9.768642

2023-3-6 20:4, 1460478794320691,50,0.4213795,-0.050278235,9.8715925

2023-3-6 20:4, 1460478795660498,50,0.4309563,-0.07182605,9.862016

2023-3-6 20:4, 1460478798144306,50,0.44532153,-0.10295067,9.883564

2023-3-6 20:4, 1460478799957652,50,0.44532153,-0.11971009,9.883564

2023-3-6 20:4, 1460478801395114,50,0.4261679,-0.076614454,9.814132

2023-3-6 20:4, 1460478803045421,50,0.40222588,-0.019153614,9.732729

2023-3-6 20:4, 1460478805455691,50,0.40940848,-0.04070143,9.735124

2023-3-6 20:4, 1460478811496498,50,0.44771573,-0.1340753,9.905111

2023-3-6 20:4, 1460478811652729,50,0.40940848,-0.079008654,9.838074

2023-3-6 20:4, 1460478811690498,50,0.40940848,-0.079008654,9.838074

2023-3-6 20:4, 1460478813639844,50,0.36391866,-0.016759412,9.713575

2023-3-6 20:4, 1460478816384498,50,0.38307226,-0.023942016,9.718364

2023-3-6 20:4, 1460478819236806,50,0.37349546,-0.016759412,9.689633

2023-3-6 20:4, 1460478819321306,50,0.36631286,-0.055066638,9.660903

2023-3-6 20:4, 1460478823559191,50,0.33039984,-0.019153614,9.617807

2023-3-6 20:4, 1460478829027075,50,0.35673606,-0.04309563,9.701605

2023-3-6 20:4, 1460478829161537,50,0.40222588,-0.08619126,9.842862

2023-3-6 20:4, 1460478831174806,50,0.4189853,-0.07182605,9.83568

2023-3-6 20:4, 1460478831281268,50,0.4189853,-0.07182605,9.83568

2023-3-6 20:4, 1460478831315306,50,0.40462008,-0.055066638,9.773431

2023-3-6 20:4, 1460478833964037,50,0.39983168,-0.093373865,9.79019

2023-3-6 20:4, 1460478835505037,50,0.40462008,-0.059855044,9.783008

2023-3-6 20:4, 1460478837624998,50,0.39504328,0.033518825,9.71597

2023-3-6 20:4, 1460478841381768,50,0.39743748,0.033518825,9.682451

2023-3-6 20:4, 1460478842179152,50,0.35913026,0.009576807,9.617807

2023-3-6 20:4, 1460478844778075,50,0.38307226,-0.062249243,9.739912

2023-3-6 20:4, 1460478847271498,50,0.39743748,-0.095768064,9.814132

2023-3-6 20:4, 1460478851421421,50,0.4213795,-0.074220255,9.80695

2023-3-6 20:4, 1460478851603998,50,0.39743748,-0.04070143,9.759066

2023-3-6 20:4, 1460478852713075,50,0.39743748,-0.04070143,9.759066

2023-3-6 20:4, 1460478854027114,50,0.40701428,-0.07182605,9.771036

2023-3-6 20:4, 1460478855934537,50,0.40940848,-0.08619126,9.797373

2023-3-6 20:4, 1460478857890806,50,0.4237737,-0.11731588,9.86441

2023-3-6 20:4, 1460478860204806,50,0.4261679,-0.110133275,9.881169

2023-3-6 20:4, 1460478863116729,50,0.41180268,-0.076614454,9.833285

2023-3-6 20:4, 1460478863221306,50,0.40940848,-0.095768064,9.816526

2023-3-6 20:4, 1460478866440114,50,0.4261679,-0.11971009,9.845257

2023-3-6 20:4, 1460478870820575,50,0.38067806,-0.02873042,9.756671

2023-3-6 20:4, 1460478870992421,50,0.38067806,-0.02873042,9.756671

2023-3-6 20:4, 1460478871075267,50,0.35434186,0.055066638,9.639356

2023-3-6 20:4, 1460478874230729,50,0.35673606,0.05267244,9.622596

2023-3-6 20:4, 1460478875367960,50,0.4381389,-0.093373865,9.821315

2023-3-6 20:4, 1460478878501614,50,0.4309563,-0.090979666,9.840468

2023-3-6 20:4, 1460478880098498,50,0.38067806,-0.08619126,9.814132

2023-3-6 20:4, 1460478882223229,50,0.4285621,-0.14844051,9.933842

2023-3-6 20:4, 1460478884460691,50,0.4333505,-0.15322891,9.941025

2023-3-6 20:4, 1460478885573037,50,0.4165911,-0.12689269,9.924265

2023-3-6 20:4, 1460478890962998,50,0.39504328,-0.055066638,9.80695

2023-3-6 20:4, 1460478891054075,50,0.39504328,-0.055066638,9.80695

2023-3-6 20:4, 1460478892682383,50,0.38307226,-0.04309563,9.759066

2023-3-6 20:4, 1460478893372267,50,0.39025488,-0.04309563,9.751883

2023-3-6 20:4, 1460478895404998,50,0.40222588,-0.08140286,9.799767

2023-3-6 20:4, 1460478897922921,50,0.4357447,-0.12928689,9.900323

2023-3-6 20:4, 1460478899541537,50,0.39983168,-0.12449849,9.854834

2023-3-6 20:4, 1460478901625421,50,0.3854665,-0.07182605,9.814132

2023-3-6 20:4, 1460478904350652,50,0.3878607,-0.062249243,9.730335

2023-3-6 20:4, 1460478907292998,50,0.40222588,-0.07182605,9.759066

2023-3-6 20:4, 1460478911966729,50,0.44532153,-0.074220255,9.854834

2023-3-6 20:4, 1460478912230998,50,0.44532153,-0.074220255,9.854834

2023-3-6 20:4, 1460478912323883,50,0.44532153,-0.074220255,9.854834

2023-3-6 20:4, 1460478913486921,50,0.40222588,-0.05267244,9.780613

2023-3-6 20:4, 1460478915907114,50,0.3878607,-0.10534488,9.802161

2023-3-6 20:4, 1460478917779614,50,0.39264908,-0.10534488,9.81892

2023-3-6 20:4, 1460478919516883,50,0.41180268,-0.08140286,9.81892

2023-3-6 20:4, 1460478921473614,50,0.4165911,-0.05746084,9.802161

2023-3-6 20:4, 1460478923940037,50,0.4141969,-0.06464344,9.785401

2023-3-6 20:4, 1460478926123075,50,0.4141969,-0.074220255,9.804555

2023-3-6 20:4, 1460478931493614,50,0.39743748,-0.06703765,9.799767

2023-3-6 20:4, 1460478931659844,50,0.39743748,-0.06703765,9.799767

2023-3-6 20:4, 1460478931710729,50,0.39264908,-0.06464344,9.804555

2023-3-6 20:4, 1460478933655767,50,0.39025488,-0.06464344,9.804555

2023-3-6 20:4, 1460478935479844,50,0.40462008,-0.08140286,9.799767

2023-3-6 20:4, 1460478937599537,50,0.41180268,-0.079008654,9.794978

2023-3-6 20:4, 1460478939473037,50,0.40701428,-0.074220255,9.799767

2023-3-6 20:4, 1460478943326652,50,0.40701428,-0.08379706,9.814132

2023-3-6 20:4, 1460478943507614,50,0.39025488,-0.08379706,9.804555

2023-3-6 20:4, 1460478946462844,50,0.39264908,-0.093373865,9.809343

2023-3-6 20:4, 1460478951266921,50,0.4165911,-0.074220255,9.811738

2023-3-6 20:4, 1460478951377806,50,0.41180268,-0.074220255,9.811738

2023-3-6 20:4, 1460478951416575,50,0.41180268,-0.06943185,9.811738

2023-3-6 20:4, 1460478953607575,50,0.40222588,-0.079008654,9.794978

2023-3-6 20:4, 1460478954965344,50,0.40222588,-0.074220255,9.797373

2023-3-6 20:4, 1460478957242767,50,0.40940848,-0.076614454,9.816526

2023-3-6 20:4, 1460478959228998,50,0.41180268,-0.079008654,9.811738

2023-3-6 20:4, 1460478961548960,50,0.4141969,-0.074220255,9.811738

2023-3-6 20:4, 1460478963922191,50,0.41180268,-0.06943185,9.81892

2023-3-6 20:4, 1460478965715344,50,0.40222588,-0.062249243,9.821315

2023-3-6 20:4, 1460478972295383,50,0.40222588,-0.062249243,9.802161

2023-3-6 20:4, 1460478972435652,50,0.40222588,-0.062249243,9.802161

2023-3-6 20:4, 1460478972480806,50,0.39504328,-0.06943185,9.802161

2023-3-6 20:4, 1460478974921075,50,0.39264908,-0.076614454,9.799767

2023-3-6 20:4, 1460478976961844,50,0.39504328,-0.076614454,9.804555

2023-3-6 20:4, 1460478977478729,50,0.39025488,-0.08140286,9.816526

2023-3-6 20:4, 1460478980970498,50,0.39264908,-0.08379706,9.814132

2023-3-6 20:4, 1460478982331267,50,0.40462008,-0.08379706,9.80695

2023-3-6 20:4, 1460478984318614,50,0.40940848,-0.08619126,9.804555

2023-3-6 20:4, 1460478985496575,50,0.40701428,-0.079008654,9.809343

2023-3-6 20:4, 1460478991746229,50,0.40701428,-0.08140286,9.792584

2023-3-6 20:4, 1460478991931229,50,0.40701428,-0.08140286,9.792584

2023-3-6 20:4, 1460478992321306,50,0.40222588,-0.079008654,9.799767

2023-3-6 20:4, 1460478994681614,50,0.40940848,-0.08140286,9.797373

2023-3-6 20:4, 1460478996085383,50,0.4141969,-0.06703765,9.804555

2023-3-6 20:4, 1460478998126306,50,0.40462008,-0.07182605,9.81892

2023-3-6 20:4, 1460478999824344,50,0.40462008,-0.06943185,9.816526

2023-3-6 20:4, 1460479001828460,50,0.41180268,-0.06943185,9.81892

2023-3-6 20:4, 1460479004189767,50,0.4141969,-0.055066638,9.814132

2023-3-6 20:4, 1460479005873344,50,0.39983168,-0.059855044,9.816526

2023-3-6 20:4, 1460479011638998,50,0.40701428,-0.079008654,9.811738

2023-3-6 20:4, 1460479011751575,50,0.40701428,-0.079008654,9.811738

2023-3-6 20:4, 1460479011774729,50,0.40701428,-0.079008654,9.811738

2023-3-6 20:4, 1460479015102190,50,0.39504328,-0.08140286,9.80695

2023-3-6 20:4, 1460479015239614,50,0.3854665,-0.06464344,9.826103

2023-3-6 20:4, 1460479017926383,50,0.39264908,-0.062249243,9.821315

2023-3-6 20:4, 1460479019552883,50,0.37828386,-0.06943185,9.821315

2023-3-6 20:4, 1460479021620421,50,0.39983168,-0.08379706,9.809343

2023-3-6 20:4, 1460479024115114,50,0.40462008,-0.08619126,9.811738

2023-3-6 20:4, 1460479027348690,50,0.4141969,-0.08379706,9.809343

2023-3-6 20:4, 1460479031886690,50,0.4189853,-0.08379706,9.802161

2023-3-6 20:4, 1460479032172537,50,0.4189853,-0.08379706,9.802161

2023-3-6 20:4, 1460479032270421,50,0.4165911,-0.08140286,9.792584

2023-3-6 20:4, 1460479033729306,50,0.41180268,-0.079008654,9.783008

2023-3-6 20:4, 1460479035676152,51,0.40940848,-0.06943185,9.809343

2023-3-6 20:4, 1460479037739690,51,0.41180268,-0.06703765,9.802161

2023-3-6 20:4, 1460479039557306,51,0.40701428,-0.07182605,9.804555

2023-3-6 20:4, 1460479041837460,51,0.39983168,-0.074220255,9.809343

2023-3-6 20:4, 1460479044376114,51,0.4189853,-0.076614454,9.80695

2023-3-6 20:4, 1460479046914344,51,0.4237737,-0.074220255,9.80695

2023-3-6 20:4, 1460479051450921,51,0.4165911,-0.08379706,9.799767

2023-3-6 20:4, 1460479051569998,51,0.4165911,-0.076614454,9.794978

2023-3-6 20:4, 1460479051606383,51,0.4165911,-0.076614454,9.794978

2023-3-6 20:4, 1460479053652767,51,0.4213795,-0.06703765,9.783008

2023-3-6 20:4, 1460479055602229,51,0.4141969,-0.07182605,9.785401

2023-3-6 20:4, 1460479058389575,51,0.40701428,-0.062249243,9.792584

2023-3-6 20:4, 1460479061048152,51,0.4261679,-0.06943185,9.799767

2023-3-6 20:4, 1460479062702460,51,0.4309563,-0.06943185,9.804555

2023-3-6 20:4, 1460479063666190,51,0.4213795,-0.050278235,9.799767

2023-3-6 20:4, 1460479065829306,51,0.4165911,-0.074220255,9.809343

2023-3-6 20:4, 1460479071264614,51,0.4213795,-0.055066638,9.814132

2023-3-6 20:4, 1460479071373383,51,0.4213795,-0.055066638,9.814132

2023-3-6 20:4, 1460479071428960,51,0.4213795,-0.059855044,9.809343

2023-3-6 20:4, 1460479073630767,51,0.4165911,-0.059855044,9.809343

2023-3-6 20:4, 1460479075527344,51,0.4165911,-0.074220255,9.811738

2023-3-6 20:4, 1460479079084460,51,0.40222588,-0.07182605,9.797373

2023-3-6 20:4, 1460479080855614,51,0.39983168,-0.074220255,9.794978

2023-3-6 20:4, 1460479082192767,51,0.40222588,-0.079008654,9.785401

2023-3-6 20:4, 1460479083240152,51,0.40222588,-0.08140286,9.785401

2023-3-6 20:4, 1460479085727306,51,0.40222588,-0.088585466,9.799767

2023-3-6 20:4, 1460479092270537,51,0.4165911,-0.07182605,9.823709

2023-3-6 20:4, 1460479092398190,51,0.4165911,-0.07182605,9.823709

2023-3-6 20:4, 1460479092431460,51,0.4213795,-0.07182605,9.81892

2023-3-6 20:4, 1460479093573190,51,0.41180268,-0.076614454,9.816526

2023-3-6 20:4, 1460479095508998,51,0.41180268,-0.088585466,9.81892

2023-3-6 20:4, 1460479097101806,51,0.4189853,-0.076614454,9.816526

2023-3-6 20:4, 1460479099672383,51,0.39743748,-0.08140286,9.802161

2023-3-6 20:4, 1460479101734075,51,0.40462008,-0.074220255,9.802161

2023-3-6 20:4, 1460479104273306,51,0.39743748,-0.079008654,9.802161

2023-3-6 20:4, 1460479105700537,51,0.4141969,-0.079008654,9.799767

2023-3-6 20:4, 1460479111506844,51,0.39743748,-0.06703765,9.814132

2023-3-6 20:4, 1460479111629152,51,0.39743748,-0.06703765,9.814132

2023-3-6 20:4, 1460479112353460,51,0.39743748,-0.06703765,9.814132

2023-3-6 20:4, 1460479113881306,51,0.4165911,-0.059855044,9.802161

2023-3-6 20:4, 1460479115925075,51,0.4141969,-0.05746084,9.797373

2023-3-6 20:4, 1460479117800690,51,0.40701428,-0.059855044,9.799767

2023-3-6 20:4, 1460479119494998,51,0.39264908,-0.076614454,9.802161

2023-3-6 20:4, 1460479121422652,51,0.39025488,-0.062249243,9.802161

2023-3-6 20:4, 1460479124280037,51,0.40222588,-0.06943185,9.80695

2023-3-6 20:4, 1460479126009229,51,0.39743748,-0.079008654,9.80695

2023-3-6 20:4, 1460479131530883,51,0.40462008,-0.06464344,9.828497

2023-3-6 20:4, 1460479131648421,51,0.40462008,-0.06464344,9.828497

2023-3-6 20:4, 1460479131699113,51,0.41180268,-0.062249243,9.826103

2023-3-6 20:4, 1460479133731229,51,0.41180268,-0.062249243,9.816526

2023-3-6 20:4, 1460479135653460,51,0.39983168,-0.055066638,9.811738

2023-3-6 20:4, 1460479138155460,51,0.40222588,-0.074220255,9.802161

2023-3-6 20:4, 1460479139602190,51,0.40222588,-0.074220255,9.797373

2023-3-6 20:4, 1460479143362537,51,0.39983168,-0.074220255,9.799767

2023-3-6 20:4, 1460479143549613,51,0.40701428,-0.06703765,9.809343

2023-3-6 20:4, 1460479146320883,51,0.40701428,-0.06464344,9.80695

2023-3-6 20:4, 1460479151628883,51,0.40222588,-0.090979666,9.816526

2023-3-6 20:4, 1460479151835767,51,0.39983168,-0.076614454,9.816526

2023-3-6 20:4, 1460479151921498,51,0.39983168,-0.076614454,9.816526

2023-3-6 20:4, 1460479153827767,51,0.39504328,-0.074220255,9.81892

2023-3-6 20:4, 1460479155707383,51,0.3878607,-0.074220255,9.81892

2023-3-6 20:4, 1460479158147498,51,0.39025488,-0.076614454,9.81892

2023-3-6 20:4, 1460479160151306,51,0.40462008,-0.06943185,9.816526

2023-3-6 20:4, 1460479163322421,51,0.40701428,-0.06703765,9.814132

2023-3-6 20:4, 1460479163435075,51,0.4141969,-0.06464344,9.811738

2023-3-6 20:4, 1460479166172767,51,0.39743748,-0.07182605,9.81892

2023-3-6 20:4, 1460479172429844,51,0.39025488,-0.07182605,9.811738

2023-3-6 20:4, 1460479172576767,51,0.39025488,-0.07182605,9.811738

2023-3-6 20:4, 1460479172620498,51,0.3878607,-0.06703765,9.809343

2023-3-6 20:4, 1460479173568075,51,0.39504328,-0.059855044,9.804555

2023-3-6 20:4, 1460479178285113,51,0.40940848,-0.06464344,9.80695

2023-3-6 20:4, 1460479179517152,51,0.40222588,-0.059855044,9.811738

2023-3-6 20:4, 1460479183584498,51,0.40701428,-0.062249243,9.814132

2023-3-6 20:4, 1460479183705844,51,0.40462008,-0.079008654,9.802161

2023-3-6 20:4, 1460479183769306,51,0.41180268,-0.095768064,9.804555

2023-3-6 20:4, 1460479186222152,51,0.40940848,-0.06943185,9.811738

2023-3-6 20:4, 1460479192978960,51,0.40701428,-0.06464344,9.799767

2023-3-6 20:4, 1460479193157652,51,0.40701428,-0.06464344,9.799767

2023-3-6 20:4, 1460479193256806,51,0.40701428,-0.06464344,9.799767

2023-3-6 20:4, 1460479194325883,51,0.40701428,-0.06464344,9.802161

2023-3-6 20:4, 1460479196545075,51,0.39743748,-0.06943185,9.802161

2023-3-6 20:4, 1460479202136806,51,0.40462008,-0.06703765,9.804555

2023-3-6 20:4, 1460479202327690,51,0.39983168,-0.07182605,9.814132

2023-3-6 20:4, 1460479202429152,51,0.39743748,-0.07182605,9.814132

2023-3-6 20:4, 1460479204510113,51,0.41180268,-0.07182605,9.80695

2023-3-6 20:4, 1460479206171883,51,0.39743748,-0.06703765,9.79019

2023-3-6 20:4, 1460479212543998,51,0.41180268,-0.055066638,9.811738

2023-3-6 20:4, 1460479217139267,51,0.41180268,-0.055066638,9.811738

2023-3-6 20:4, 1460479217309536,51,0.41180268,-0.055066638,9.811738

2023-3-6 20:4, 1460479217875421,51,0.4213795,-0.076614454,9.814132

2023-3-6 20:4, 1460479217932229,51,0.4285621,-0.06943185,9.809343

2023-3-6 20:4, 1460479220748344,51,0.4189853,-0.06943185,9.80695

2023-3-6 20:4, 1460479220857998,51,0.40701428,-0.06943185,9.804555

2023-3-6 20:4, 1460479222445190,51,0.41180268,-0.062249243,9.809343

2023-3-6 20:4, 1460479224673960,51,0.40940848,-0.07182605,9.811738

2023-3-6 20:4, 1460479226233806,51,0.3878607,-0.074220255,9.811738

2023-3-6 20:4, 1460479231430767,51,0.40940848,-0.05746084,9.811738

2023-3-6 20:4, 1460479231544383,51,0.40940848,-0.05746084,9.811738

2023-3-6 20:4, 1460479231575998,51,0.4213795,-0.055066638,9.804555

2023-3-6 20:4, 1460479234113498,51,0.4309563,-0.050278235,9.792584

2023-3-6 20:4, 1460479235986113,51,0.4261679,-0.055066638,9.783008

2023-3-6 20:4, 1460479241530729,51,0.40940848,-0.059855044,9.799767

2023-3-6 20:4, 1460479241720921,51,0.40940848,-0.05267244,9.802161

2023-3-6 20:4, 1460479241809229,51,0.40222588,-0.06703765,9.811738

2023-3-6 20:4, 1460479244927152,51,0.39504328,-0.050278235,9.809343

2023-3-6 20:4, 1460479247552575,51,0.40940848,-0.06464344,9.809343

2023-3-6 20:4, 1460479251516536,51,0.4261679,-0.076614454,9.79019

2023-3-6 20:4, 1460479251992075,51,0.4261679,-0.07182605,9.799767

2023-3-6 20:4, 1460479252223767,51,0.4261679,-0.07182605,9.799767

2023-3-6 20:4, 1460479253829767,51,0.40462008,-0.06464344,9.81892

2023-3-6 20:4, 1460479255737383,51,0.39504328,-0.059855044,9.799767

2023-3-6 20:4, 1460479259842844,51,0.39983168,-0.06703765,9.792584

2023-3-6 20:4, 1460479261559421,51,0.41180268,-0.07182605,9.804555

2023-3-6 20:4, 1460479263110229,51,0.41180268,-0.06943185,9.804555

2023-3-6 20:4, 1460479263319690,51,0.40462008,-0.074220255,9.81892

2023-3-6 20:4, 1460479265980498,51,0.41180268,-0.07182605,9.809343

2023-3-6 20:4, 1460479272203344,51,0.40462008,-0.07182605,9.794978

2023-3-6 20:4, 1460479272659806,51,0.40462008,-0.07182605,9.794978

2023-3-6 20:4, 1460479272807844,51,0.40940848,-0.079008654,9.797373

2023-3-6 20:4, 1460479274465613,51,0.40701428,-0.08379706,9.804555

2023-3-6 20:4, 1460479277830960,51,0.4165911,-0.059855044,9.811738

2023-3-6 20:4, 1460479279807383,51,0.40701428,-0.059855044,9.80695

2023-3-6 20:4, 1460479282182729,51,0.39983168,-0.062249243,9.80695

2023-3-6 20:4, 1460479283223921,51,0.39743748,-0.06464344,9.804555

2023-3-6 20:4, 1460479283370844,51,0.4261679,-0.06943185,9.80695

2023-3-6 20:4, 1460479287288960,51,0.4165911,-0.076614454,9.802161

2023-3-6 20:4, 1460479292338152,51,0.3878607,-0.059855044,9.802161

2023-3-6 20:4, 1460479292776421,51,0.3878607,-0.059855044,9.794978

2023-3-6 20:4, 1460479294401767,51,0.3878607,-0.059855044,9.794978

2023-3-6 20:4, 1460479295001690,51,0.39743748,-0.06703765,9.80695

2023-3-6 20:4, 1460479295935998,51,0.39743748,-0.07182605,9.811738

2023-3-6 20:4, 1460479300158075,51,0.4165911,-0.07182605,9.814132

2023-3-6 20:4, 1460479300295152,51,0.4237737,-0.05746084,9.823709

2023-3-6 20:4, 1460479301213613,51,0.4261679,-0.062249243,9.830892

2023-3-6 20:4, 1460479303042459,51,0.4165911,-0.07182605,9.821315

2023-3-6 20:4, 1460479305732152,51,0.40940848,-0.08140286,9.802161

2023-3-6 20:4, 1460479328624652,51,0.39983168,-0.074220255,9.794978

2023-3-6 20:4, 1460479328765152,51,0.39983168,-0.074220255,9.794978

2023-3-6 20:4, 1460479328820575,51,0.40462008,-0.074220255,9.809343

2023-3-6 20:4, 1460479328856575,51,0.39983168,-0.090979666,9.811738

2023-3-6 20:4, 1460479328888959,51,0.39983168,-0.074220255,9.799767

2023-3-6 20:4, 1460479328918883,51,0.39983168,-0.06464344,9.802161

2023-3-6 20:4, 1460479328952921,51,0.40462008,-0.06464344,9.804555

2023-3-6 20:4, 1460479328984652,51,0.39743748,-0.059855044,9.797373

2023-3-6 20:4, 1460479329013806,51,0.40940848,-0.059855044,9.811738

2023-3-6 20:4, 1460479329042383,51,0.40940848,-0.059855044,9.802161

2023-3-6 20:4, 1460479334879806,51,0.40940848,-0.062249243,9.816526

2023-3-6 20:4, 1460479341160152,51,0.40940848,-0.062249243,9.816526

2023-3-6 20:4, 1460479343173036,51,0.39743748,-0.06703765,9.821315

2023-3-6 20:4, 1460479343376267,51,0.40462008,-0.05267244,9.811738

2023-3-6 20:4, 1460479343404806,51,0.4141969,-0.06464344,9.80695

2023-3-6 20:4, 1460479343431575,51,0.39504328,-0.079008654,9.804555

2023-3-6 20:4, 1460479343456959,51,0.40940848,-0.07182605,9.804555

2023-3-6 20:4, 1460479343516152,51,0.4333505,-0.08619126,9.802161

2023-3-6 20:4, 1460479343542690,51,0.4213795,-0.06943185,9.804555

2023-3-6 20:4, 1460479346324421,51,0.4189853,-0.07182605,9.799767

2023-3-6 20:4, 1460479351155267,51,0.4141969,-0.076614454,9.809343

2023-3-6 20:4, 1460479351260229,51,0.40222588,-0.06703765,9.809343

2023-3-6 20:4, 1460479351278998,51,0.40222588,-0.06703765,9.809343

2023-3-6 20:4, 1460479353872998,51,0.4141969,-0.07182605,9.814132

2023-3-6 20:4, 1460479355366767,51,0.40462008,-0.076614454,9.80695

2023-3-6 20:4, 1460479357364229,51,0.39983168,-0.074220255,9.80695

2023-3-6 20:4, 1460479359596806,51,0.40222588,-0.062249243,9.809343

2023-3-6 20:4, 1460479361601267,51,0.40940848,-0.059855044,9.802161

2023-3-6 20:4, 1460479363701921,51,0.40701428,-0.055066638,9.797373

2023-3-6 20:4, 1460479366586729,51,0.40940848,-0.07182605,9.802161

2023-3-6 20:4, 1460479370947767,51,0.40222588,-0.08379706,9.80695

2023-3-6 20:4, 1460479371012229,51,0.40222588,-0.08379706,9.80695

2023-3-6 20:4, 1460479371035767,51,0.40222588,-0.08379706,9.821315

2023-3-6 20:4, 1460479383553267,51,0.40222588,-0.10055647,9.828497

2023-3-6 20:4, 1460479384422152,51,0.40940848,-0.088585466,9.811738

2023-3-6 20:4, 1460479384452652,51,0.4261679,-0.076614454,9.804555

2023-3-6 20:4, 1460479386316152,51,0.4285621,-0.07182605,9.802161

2023-3-6 20:4, 1460479386627229,51,0.4141969,-0.074220255,9.814132

2023-3-6 20:4, 1460479386654729,51,0.40462008,-0.06464344,9.814132

2023-3-6 20:4, 1460479386679152,51,0.40701428,-0.07182605,9.809343

2023-3-6 20:4, 1460479396890536,51,0.4165911,-0.08619126,9.80695

2023-3-6 20:4, 1460479396964729,51,0.4141969,-0.08619126,9.80695

2023-3-6 20:4, 1460479397121113,51,0.4141969,-0.08379706,9.802161

2023-3-6 20:4, 1460479397150652,51,0.40462008,-0.08619126,9.811738

2023-3-6 20:4, 1460479397175036,51,0.39504328,-0.090979666,9.804555

2023-3-6 20:4, 1460479397501959,51,0.38067806,-0.076614454,9.792584

2023-3-6 20:4, 1460479399885267,51,0.39983168,-0.079008654,9.802161

2023-3-6 20:4, 1460479401587344,51,0.39264908,-0.08379706,9.802161

2023-3-6 20:4, 1460479404389959,51,0.39983168,-0.08619126,9.816526

2023-3-6 20:4, 1460479405363883,51,0.40222588,-0.06464344,9.804555

2023-3-6 20:4, 1460479412894190,51,0.40701428,-0.07182605,9.809343

2023-3-6 20:4, 1460479412964959,51,0.40701428,-0.07182605,9.809343

2023-3-6 20:4, 1460479412983806,51,0.4141969,-0.05746084,9.814132

2023-3-6 20:4, 1460479413483844,51,0.4213795,-0.055066638,9.814132

2023-3-6 20:4, 1460479415472306,51,0.41180268,-0.07182605,9.80695

2023-3-6 20:4, 1460479417491536,51,0.41180268,-0.076614454,9.814132

2023-3-6 20:4, 1460479419323152,51,0.4213795,-0.08619126,9.802161

2023-3-6 20:4, 1460479421496998,51,0.40940848,-0.08379706,9.814132

2023-3-6 20:4, 1460479423445998,51,0.41180268,-0.08140286,9.821315

2023-3-6 20:4, 1460479425520498,51,0.40940848,-0.06464344,9.809343

2023-3-6 20:4, 1460479431014882,51,0.4165911,-0.093373865,9.80695

2023-3-6 20:4, 1460479431106113,51,0.4165911,-0.093373865,9.80695

2023-3-6 20:4, 1460479431156575,51,0.4165911,-0.090979666,9.809343

2023-3-6 20:4, 1460479433633229,51,0.3878607,-0.07182605,9.80695

2023-3-6 20:4, 1460479436143267,51,0.3854665,-0.06943185,9.804555

2023-3-6 20:4, 1460479437329344,51,0.39743748,-0.07182605,9.80695

2023-3-6 20:4, 1460479439965998,51,0.39743748,-0.07182605,9.797373

2023-3-6 20:4, 1460479442065806,51,0.40222588,-0.06703765,9.804555

2023-3-6 20:4, 1460479443569498,51,0.40222588,-0.06464344,9.799767

2023-3-6 20:4, 1460479445416575,51,0.40940848,-0.06703765,9.794978

2023-3-6 20:4, 1460479452368421,51,0.39504328,-0.090979666,9.797373

2023-3-6 20:4, 1460479452435652,51,0.39743748,-0.090979666,9.80695

2023-3-6 20:4, 1460479452457306,51,0.39743748,-0.090979666,9.80695

2023-3-6 20:4, 1460479453304459,51,0.39983168,-0.079008654,9.809343

2023-3-6 20:4, 1460479455760652,51,0.4165911,-0.074220255,9.797373

2023-3-6 20:4, 1460479459031459,51,0.4237737,-0.05746084,9.802161

2023-3-6 20:4, 1460479460153998,51,0.4141969,-0.062249243,9.80695

2023-3-6 20:4, 1460479461513806,51,0.40222588,-0.07182605,9.802161

2023-3-6 20:4, 1460479463282690,51,0.40940848,-0.06703765,9.809343

2023-3-6 20:4, 1460479465038152,51,0.40462008,-0.06703765,9.821315

2023-3-6 20:4, 1460479470575844,51,0.4165911,-0.06703765,9.80695

2023-3-6 20:4, 1460479470605382,51,0.4165911,-0.06703765,9.80695

2023-3-6 20:4, 1460479471088921,51,0.40222588,-0.05746084,9.809343

2023-3-6 20:4, 1460479473283152,51,0.39743748,-0.059855044,9.81892

2023-3-6 20:4, 1460479475470306,51,0.4213795,-0.06943185,9.809343

2023-3-6 20:4, 1460479477948844,51,0.39743748,-0.06703765,9.804555

2023-3-6 20:4, 1460479479700690,51,0.40462008,-0.06943185,9.80695

2023-3-6 20:4, 1460479481431190,51,0.39504328,-0.079008654,9.816526

2023-3-6 20:4, 1460479483197306,51,0.3854665,-0.08619126,9.804555

2023-3-6 20:4, 1460479484934459,51,0.3878607,-0.088585466,9.797373

2023-3-6 20:4, 1460479491120459,51,0.41180268,-0.074220255,9.79019

2023-3-6 20:4, 1460479491279190,51,0.4165911,-0.079008654,9.792584

2023-3-6 20:4, 1460479491311267,51,0.4165911,-0.079008654,9.792584

2023-3-6 20:4, 1460479493152421,51,0.4189853,-0.059855044,9.79019

2023-3-6 20:4, 1460479495297113,51,0.41180268,-0.062249243,9.794978

2023-3-6 20:4, 1460479496877229,51,0.39983168,-0.06703765,9.811738

2023-3-6 20:4, 1460479498908036,51,0.39504328,-0.08140286,9.809343

2023-3-6 20:4, 1460479500791998,51,0.39743748,-0.079008654,9.814132

2023-3-6 20:4, 1460479502920613,51,0.4165911,-0.06943185,9.81892

2023-3-6 20:4, 1460479504929806,51,0.4165911,-0.074220255,9.823709

2023-3-6 20:4, 1460479510628267,51,0.40462008,-0.074220255,9.802161

2023-3-6 20:4, 1460479510669690,51,0.40462008,-0.074220255,9.802161

2023-3-6 20:4, 1460479510931036,51,0.40462008,-0.08619126,9.802161

2023-3-6 20:4, 1460479513496267,51,0.41180268,-0.08379706,9.797373

2023-3-6 20:4, 1460479517112152,51,0.40940848,-0.079008654,9.804555

2023-3-6 20:4, 1460479519277536,51,0.39504328,-0.08619126,9.814132

2023-3-6 20:4, 1460479519305498,51,0.40222588,-0.08379706,9.799767

2023-3-6 20:4, 1460479521184998,51,0.39504328,-0.08140286,9.794978

2023-3-6 20:4, 1460479522781882,51,0.39983168,-0.088585466,9.799767

2023-3-6 20:4, 1460479526434844,51,0.40222588,-0.08619126,9.799767

2023-3-6 20:4, 1460479530512152,51,0.4141969,-0.074220255,9.804555

2023-3-6 20:4, 1460479530540036,51,0.4141969,-0.074220255,9.804555

2023-3-6 20:4, 1460479531083421,51,0.41180268,-0.06943185,9.804555

2023-3-6 20:4, 1460479533357498,51,0.41180268,-0.074220255,9.802161

2023-3-6 20:4, 1460479535117767,51,0.40940848,-0.076614454,9.802161

2023-3-6 20:4, 1460479537127459,51,0.4237737,-0.088585466,9.80695

2023-3-6 20:4, 1460479538754575,51,0.41180268,-0.06943185,9.794978

2023-3-6 20:4, 1460479541360805,51,0.4165911,-0.06464344,9.802161

2023-3-6 20:4, 1460479544050152,51,0.40940848,-0.06943185,9.799767

2023-3-6 20:4, 1460479545042536,51,0.40701428,-0.074220255,9.799767

2023-3-6 20:4, 1460479550627998,51,0.4237737,-0.05267244,9.799767

2023-3-6 20:4, 1460479550663190,51,0.4237737,-0.05267244,9.799767

2023-3-6 20:4, 1460479550841575,51,0.4237737,-0.05267244,9.799767

2023-3-6 20:4, 1460479553119459,51,0.41180268,-0.062249243,9.811738

2023-3-6 20:4, 1460479554998190,51,0.40701428,-0.059855044,9.804555

2023-3-6 20:4, 1460479556770382,51,0.39504328,-0.06943185,9.794978

2023-3-6 20:4, 1460479559603959,51,0.39743748,-0.07182605,9.804555

2023-3-6 20:4, 1460479561301690,51,0.39983168,-0.06943185,9.792584

2023-3-6 20:4, 1460479562959729,51,0.40222588,-0.06943185,9.79019

2023-3-6 20:4, 1460479565073267,51,0.41180268,-0.074220255,9.802161

2023-3-6 20:4, 1460479570075036,51,0.39983168,-0.074220255,9.802161

2023-3-6 20:4, 1460479570103882,51,0.39983168,-0.074220255,9.802161

2023-3-6 20:4, 1460479571601421,51,0.39025488,-0.076614454,9.804555

2023-3-6 20:4, 1460479573207959,51,0.39504328,-0.079008654,9.811738

2023-3-6 20:4, 1460479575929536,51,0.39983168,-0.076614454,9.81892

2023-3-6 20:4, 1460479577147613,51,0.40701428,-0.062249243,9.797373

2023-3-6 20:4, 1460479579256229,51,0.40462008,-0.059855044,9.797373

2023-3-6 20:4, 1460479580923190,51,0.40462008,-0.05746084,9.804555

2023-3-6 20:4, 1460479582903729,51,0.4213795,-0.06464344,9.802161

2023-3-6 20:4, 1460479585074498,51,0.4261679,-0.06943185,9.797373

2023-3-6 20:4, 1460479591274498,51,0.4189853,-0.06703765,9.799767

2023-3-6 20:4, 1460479591595344,51,0.4213795,-0.07182605,9.799767

2023-3-6 20:4, 1460479591729113,51,0.4213795,-0.07182605,9.799767

2023-3-6 20:4, 1460479594234113,51,0.4213795,-0.076614454,9.799767

2023-3-6 20:4, 1460479595232344,51,0.4213795,-0.076614454,9.799767

2023-3-6 20:4, 1460479597009305,51,0.40701428,-0.08379706,9.802161

2023-3-6 20:4, 1460479598864998,51,0.39264908,-0.09816227,9.802161

2023-3-6 20:4, 1460479600915613,51,0.40222588,-0.08140286,9.802161

2023-3-6 20:4, 1460479602853036,51,0.40462008,-0.06943185,9.799767

2023-3-6 20:4, 1460479604959421,51,0.4213795,-0.059855044,9.802161

2023-3-6 20:4, 1460479610567382,51,0.4189853,-0.06703765,9.80695

2023-3-6 20:4, 1460479610627113,51,0.4189853,-0.06703765,9.80695

2023-3-6 20:4, 1460479611104190,51,0.40222588,-0.076614454,9.80695

2023-3-6 20:4, 1460479613345459,51,0.39264908,-0.076614454,9.802161

2023-3-6 20:4, 1460479615218305,51,0.40222588,-0.08619126,9.802161

2023-3-6 20:4, 1460479617083844,51,0.4213795,-0.08140286,9.804555

2023-3-6 20:4, 1460479619236267,51,0.4237737,-0.08619126,9.797373

2023-3-6 20:4, 1460479621123267,51,0.4261679,-0.079008654,9.792584

2023-3-6 20:4, 1460479622847305,51,0.4189853,-0.074220255,9.787796

2023-3-6 20:4, 1460479625168998,51,0.40940848,-0.06464344,9.811738

2023-3-6 20:4, 1460479636773921,51,0.40222588,-0.059855044,9.802161

2023-3-6 20:4, 1460479636847998,51,0.40222588,-0.059855044,9.802161

2023-3-6 20:4, 1460479636876652,51,0.40940848,-0.05746084,9.797373

2023-3-6 20:4, 1460479636902921,51,0.40940848,-0.06943185,9.804555

2023-3-6 20:4, 1460479636929036,51,0.39264908,-0.06703765,9.802161

2023-3-6 20:4, 1460479638492652,51,0.39504328,-0.07182605,9.814132

2023-3-6 20:4, 1460479639509459,51,0.39025488,-0.06703765,9.814132

2023-3-6 20:4, 1460479648230152,51,0.39264908,-0.05267244,9.814132

2023-3-6 20:4, 1460479648304690,51,0.4141969,-0.076614454,9.794978

2023-3-6 20:4, 1460479648331421,51,0.4141969,-0.079008654,9.799767

2023-3-6 20:4, 1460479650563498,51,0.40222588,-0.088585466,9.811738

2023-3-6 20:4, 1460479650597959,51,0.40222588,-0.088585466,9.811738

2023-3-6 20:4, 1460479650860228,51,0.40222588,-0.088585466,9.811738

2023-3-6 20:4, 1460479652784421,51,0.40222588,-0.088585466,9.811738

2023-3-6 20:4, 1460479654788036,51,0.39983168,-0.076614454,9.809343

2023-3-6 20:4, 1460479656795844,51,0.40222588,-0.074220255,9.80695

2023-3-6 20:4, 1460479668684728,51,0.4165911,-0.05746084,9.804555

2023-3-6 20:4, 1460479668736498,51,0.40222588,-0.062249243,9.80695

2023-3-6 20:4, 1460479668761152,51,0.39504328,-0.07182605,9.80695

2023-3-6 20:4, 1460479668789728,51,0.4165911,-0.06943185,9.799767

2023-3-6 20:4, 1460479670896728,51,0.40940848,-0.08379706,9.811738

2023-3-6 20:4, 1460479670922921,51,0.40940848,-0.08379706,9.811738

2023-3-6 20:4, 1460479670947536,51,0.40222588,-0.08619126,9.804555

2023-3-6 20:4, 1460479673314728,51,0.39504328,-0.08619126,9.802161

2023-3-6 20:4, 1460479682276305,51,0.40222588,-0.08140286,9.80695

2023-3-6 20:4, 1460479682343382,51,0.4141969,-0.08140286,9.802161

2023-3-6 20:4, 1460479682377575,51,0.41180268,-0.08379706,9.802161

2023-3-6 20:4, 1460479682403228,51,0.40940848,-0.06464344,9.794978

2023-3-6 20:4, 1460479683366613,51,0.4309563,-0.06464344,9.799767

2023-3-6 20:4, 1460479685202728,51,0.4285621,-0.055066638,9.811738

2023-3-6 20:4, 1460479690284190,51,0.4285621,-0.06464344,9.814132

2023-3-6 20:4, 1460479690316959,51,0.4213795,-0.062249243,9.81892

2023-3-6 20:4, 1460479691941882,51,0.4213795,-0.062249243,9.81892

2023-3-6 20:4, 1460479693487228,51,0.40462008,-0.08140286,9.830892

2023-3-6 20:4, 1460479695431690,51,0.40701428,-0.08619126,9.81892

2023-3-6 20:4, 1460479696911152,51,0.40701428,-0.08619126,9.802161

2023-3-6 20:4, 1460479699166421,51,0.40940848,-0.08379706,9.80695

2023-3-6 20:4, 1460479701459882,51,0.40462008,-0.088585466,9.809343

2023-3-6 20:4, 1460479703294652,51,0.39743748,-0.074220255,9.802161

2023-3-6 20:4, 1460479705150844,51,0.39743748,-0.076614454,9.802161

2023-3-6 20:4, 1460479711438652,51,0.40462008,-0.047884032,9.823709

2023-3-6 20:4, 1460479711576305,51,0.40462008,-0.047884032,9.823709

2023-3-6 20:4, 1460479711597036,51,0.4141969,-0.055066638,9.816526

2023-3-6 20:4, 1460479713484921,51,0.40701428,-0.059855044,9.811738

2023-3-6 20:4, 1460479715162228,51,0.4141969,-0.07182605,9.811738

2023-3-6 20:4, 1460479717467075,51,0.41180268,-0.074220255,9.787796

2023-3-6 20:4, 1460479719239459,51,0.40222588,-0.08379706,9.797373

2023-3-6 20:4, 1460479721187728,51,0.39983168,-0.08379706,9.811738

2023-3-6 20:4, 1460479723267959,51,0.39983168,-0.074220255,9.80695

2023-3-6 20:4, 1460479725364728,51,0.40940848,-0.06943185,9.80695

2023-3-6 20:4, 1460479730967498,51,0.4285621,-0.079008654,9.79019

2023-3-6 20:4, 1460479731008421,51,0.4285621,-0.079008654,9.802161

2023-3-6 20:4, 1460479731028767,51,0.4285621,-0.079008654,9.802161

2023-3-6 20:4, 1460479733088613,51,0.4213795,-0.074220255,9.804555

2023-3-6 20:4, 1460479734836305,51,0.4261679,-0.074220255,9.799767

2023-3-6 20:4, 1460479736960267,51,0.4237737,-0.074220255,9.79019

2023-3-6 20:4, 1460479738866575,51,0.4189853,-0.06464344,9.799767

